,timestamp,open,high,low,close
0,2022-03-02 09:15:00,703.0,703.75,699.9500122070312,702.5999755859375
1,2022-03-02 09:16:00,703.9500122070312,705.7000122070312,703.5999755859375,705.7000122070312
2,2022-03-02 09:17:00,705.9500122070312,708.3499755859375,705.9500122070312,708.3499755859375
3,2022-03-02 09:18:00,707.5499877929688,708.0999755859375,707.0,707.8499755859375
4,2022-03-02 09:19:00,708.4500122070312,710.4000244140625,708.25,710.4000244140625
5,2022-03-02 09:20:00,710.0999755859375,711.9500122070312,709.7999877929688,709.7999877929688
6,2022-03-02 09:21:00,709.7999877929688,713.0,709.7999877929688,712.7999877929688
7,2022-03-02 09:22:00,712.8499755859375,714.1500244140625,712.5999755859375,713.1500244140625
8,2022-03-02 09:23:00,713.1500244140625,713.6500244140625,713.0999755859375,713.6500244140625
9,2022-03-02 09:24:00,713.4500122070312,715.5,713.4500122070312,715.4000244140625
10,2022-03-02 09:25:00,715.7000122070312,716.9500122070312,714.9000244140625,716.5499877929688
11,2022-03-02 09:26:00,716.5,717.3499755859375,715.75,716.9000244140625
12,2022-03-02 09:27:00,716.9000244140625,717.7000122070312,715.6500244140625,715.75
13,2022-03-02 09:28:00,715.7999877929688,716.7000122070312,715.4000244140625,716.0
14,2022-03-02 09:29:00,716.0,716.0,714.9000244140625,715.25
15,2022-03-02 09:30:00,715.2000122070312,715.2000122070312,712.5999755859375,713.0499877929688
16,2022-03-02 09:31:00,713.0,713.4000244140625,712.1500244140625,712.5999755859375
17,2022-03-02 09:32:00,713.0,713.4500122070312,712.5499877929688,712.9500122070312
18,2022-03-02 09:33:00,712.7000122070312,713.4500122070312,712.6500244140625,712.8499755859375
19,2022-03-02 09:34:00,712.8499755859375,713.3499755859375,712.25,712.5
20,2022-03-02 09:35:00,712.7000122070312,712.7999877929688,711.1500244140625,711.5
21,2022-03-02 09:36:00,711.75,712.25,711.75,712.0999755859375
22,2022-03-02 09:37:00,712.0,712.25,711.5999755859375,711.8499755859375
23,2022-03-02 09:38:00,711.75,711.75,711.0,711.0499877929688
24,2022-03-02 09:39:00,711.4000244140625,712.5,711.25,712.5
25,2022-03-02 09:40:00,712.5,713.5499877929688,711.7000122070312,711.9000244140625
26,2022-03-02 09:41:00,711.5,711.75,710.0,711.0
27,2022-03-02 09:42:00,711.0,711.0,710.25,710.6500244140625
28,2022-03-02 09:43:00,710.2999877929688,711.5999755859375,710.2999877929688,711.4500122070312
29,2022-03-02 09:44:00,711.4500122070312,711.4500122070312,710.75,711.1500244140625
30,2022-03-02 09:45:00,711.0999755859375,713.0,710.7999877929688,712.5999755859375
31,2022-03-02 09:46:00,712.6500244140625,714.0,712.5499877929688,713.9000244140625
32,2022-03-02 09:47:00,713.9000244140625,714.0,713.25,713.5
33,2022-03-02 09:48:00,713.5499877929688,713.5499877929688,711.7000122070312,712.25
34,2022-03-02 09:49:00,712.0,712.25,712.0,712.0499877929688
35,2022-03-02 09:50:00,712.2000122070312,713.0,711.6500244140625,712.7999877929688
36,2022-03-02 09:51:00,712.7999877929688,713.7999877929688,712.7999877929688,713.6500244140625
37,2022-03-02 09:52:00,713.3499755859375,714.9000244140625,713.3499755859375,714.4000244140625
38,2022-03-02 09:53:00,714.2999877929688,714.2999877929688,711.5999755859375,711.5999755859375
39,2022-03-02 09:54:00,712.0,712.0,711.0,711.0
40,2022-03-02 09:55:00,711.0,711.2000122070312,710.0,710.1500244140625
41,2022-03-02 09:56:00,710.0,710.75,710.0,710.5999755859375
42,2022-03-02 09:57:00,710.3499755859375,711.1500244140625,710.2000122070312,710.9000244140625
43,2022-03-02 09:58:00,710.9500122070312,713.0,710.9500122070312,713.0
44,2022-03-02 09:59:00,713.0,714.5499877929688,712.7999877929688,714.0
45,2022-03-02 10:00:00,714.2000122070312,714.2000122070312,711.9000244140625,712.7000122070312
46,2022-03-02 10:01:00,713.2000122070312,714.0,712.5999755859375,713.0
47,2022-03-02 10:02:00,712.7999877929688,713.5499877929688,712.0,713.2000122070312
48,2022-03-02 10:03:00,713.0,713.5,712.25,713.5
49,2022-03-02 10:04:00,713.5,714.4000244140625,713.2000122070312,714.0
50,2022-03-02 10:05:00,713.9500122070312,713.9500122070312,712.7999877929688,712.7999877929688
51,2022-03-02 10:06:00,712.7999877929688,712.7999877929688,712.0,712.5499877929688
52,2022-03-02 10:07:00,712.5999755859375,713.5999755859375,712.5,712.75
53,2022-03-02 10:08:00,712.5,713.0,712.4000244140625,712.8499755859375
54,2022-03-02 10:09:00,712.5,713.5999755859375,712.5,713.5999755859375
55,2022-03-02 10:10:00,713.5,714.2999877929688,713.2000122070312,713.8499755859375
56,2022-03-02 10:11:00,713.9500122070312,714.0,713.75,713.9500122070312
57,2022-03-02 10:12:00,714.2999877929688,714.2999877929688,713.7999877929688,714.0499877929688
58,2022-03-02 10:13:00,714.0499877929688,714.4500122070312,713.75,713.9000244140625
59,2022-03-02 10:14:00,713.9000244140625,714.5,713.0499877929688,713.2999877929688
60,2022-03-02 10:15:00,713.25,714.2999877929688,713.0,714.2999877929688
61,2022-03-02 10:16:00,714.0499877929688,714.2999877929688,713.7999877929688,713.9500122070312
62,2022-03-02 10:17:00,713.6500244140625,714.9500122070312,713.0999755859375,714.6500244140625
63,2022-03-02 10:18:00,714.7999877929688,715.4500122070312,714.7999877929688,715.25
64,2022-03-02 10:19:00,714.8499755859375,715.25,714.7999877929688,714.9500122070312
65,2022-03-02 10:20:00,715.2000122070312,715.25,714.5,714.6500244140625
66,2022-03-02 10:21:00,714.7000122070312,715.1500244140625,714.5,714.6500244140625
67,2022-03-02 10:22:00,714.6500244140625,714.9000244140625,714.5,714.9000244140625
68,2022-03-02 10:23:00,714.9000244140625,715.2000122070312,714.5999755859375,715.2000122070312
69,2022-03-02 10:24:00,715.0999755859375,715.2000122070312,714.5,715.0999755859375
70,2022-03-02 10:25:00,714.7999877929688,715.2000122070312,714.0499877929688,714.9500122070312
71,2022-03-02 10:26:00,714.9500122070312,714.9500122070312,714.25,714.5499877929688
72,2022-03-02 10:27:00,714.4000244140625,714.5,713.5,713.9000244140625
73,2022-03-02 10:28:00,713.9000244140625,714.0,713.5,713.7000122070312
74,2022-03-02 10:29:00,713.7000122070312,713.7999877929688,713.5,713.7000122070312
75,2022-03-02 10:30:00,713.5499877929688,713.5499877929688,712.2000122070312,712.5
76,2022-03-02 10:31:00,712.6500244140625,713.9000244140625,712.5,713.7000122070312
77,2022-03-02 10:32:00,713.3499755859375,713.7999877929688,712.5999755859375,713.1500244140625
78,2022-03-02 10:33:00,713.0999755859375,713.5,712.6500244140625,713.0999755859375
79,2022-03-02 10:34:00,713.0999755859375,713.4000244140625,712.75,712.8499755859375
80,2022-03-02 10:35:00,713.1500244140625,713.8499755859375,712.7999877929688,713.8499755859375
81,2022-03-02 10:36:00,713.9000244140625,714.0,713.4000244140625,713.75
82,2022-03-02 10:37:00,713.75,714.0,713.5,713.5999755859375
83,2022-03-02 10:38:00,713.75,713.75,713.25,713.5999755859375
84,2022-03-02 10:39:00,713.5,714.0,713.5,713.5499877929688
85,2022-03-02 10:40:00,713.4500122070312,713.9500122070312,713.4000244140625,713.7999877929688
86,2022-03-02 10:41:00,713.7999877929688,714.9000244140625,713.5,714.0
87,2022-03-02 10:42:00,714.0999755859375,714.5999755859375,714.0,714.4500122070312
88,2022-03-02 10:43:00,714.5,714.5999755859375,714.0499877929688,714.1500244140625
89,2022-03-02 10:44:00,714.5,714.75,714.0999755859375,714.4500122070312
90,2022-03-02 10:45:00,714.25,714.9500122070312,714.2000122070312,714.9500122070312
91,2022-03-02 10:46:00,715.0,715.2000122070312,714.4000244140625,714.7000122070312
92,2022-03-02 10:47:00,714.6500244140625,715.0,714.0999755859375,714.4000244140625
93,2022-03-02 10:48:00,714.5499877929688,715.0,714.2999877929688,714.5999755859375
94,2022-03-02 10:49:00,714.4500122070312,714.7999877929688,714.2999877929688,714.4500122070312
95,2022-03-02 10:50:00,714.4500122070312,714.9500122070312,714.4000244140625,714.7999877929688
96,2022-03-02 10:51:00,714.5,715.0,714.5,715.0
97,2022-03-02 10:52:00,714.9500122070312,715.2000122070312,714.75,715.2000122070312
98,2022-03-02 10:53:00,714.75,715.0499877929688,714.5,715.0
99,2022-03-02 10:54:00,714.7000122070312,715.0499877929688,714.6500244140625,714.8499755859375
100,2022-03-02 10:55:00,715.0,715.0,714.7999877929688,714.8499755859375
101,2022-03-02 10:56:00,714.8499755859375,714.8499755859375,714.3499755859375,714.6500244140625
102,2022-03-02 10:57:00,714.6500244140625,714.75,713.9000244140625,714.25
103,2022-03-02 10:58:00,713.9500122070312,714.5,713.9500122070312,714.0
104,2022-03-02 10:59:00,714.5,714.5499877929688,714.0,714.0999755859375
105,2022-03-02 11:00:00,714.0999755859375,714.25,713.3499755859375,714.2000122070312
106,2022-03-02 11:01:00,714.0,714.0,713.3499755859375,713.75
107,2022-03-02 11:02:00,713.8499755859375,713.9000244140625,713.0999755859375,713.0999755859375
108,2022-03-02 11:03:00,713.2999877929688,713.75,713.0999755859375,713.5499877929688
109,2022-03-02 11:04:00,713.3499755859375,714.3499755859375,713.25,714.2000122070312
110,2022-03-02 11:05:00,713.9000244140625,714.2000122070312,713.5499877929688,713.6500244140625
111,2022-03-02 11:06:00,713.5499877929688,713.7000122070312,713.0999755859375,713.25
112,2022-03-02 11:07:00,713.0999755859375,713.8499755859375,713.0999755859375,713.25
113,2022-03-02 11:08:00,713.2999877929688,713.5499877929688,713.25,713.5
114,2022-03-02 11:09:00,713.5,713.5,712.2999877929688,712.2999877929688
115,2022-03-02 11:10:00,712.4000244140625,712.5999755859375,711.7000122070312,712.25
116,2022-03-02 11:11:00,712.0,712.5999755859375,712.0,712.0499877929688
117,2022-03-02 11:12:00,712.0499877929688,712.2000122070312,711.5,711.7000122070312
118,2022-03-02 11:13:00,711.7000122070312,711.9000244140625,711.0499877929688,711.5499877929688
119,2022-03-02 11:14:00,711.9000244140625,712.0,711.5499877929688,711.9000244140625
120,2022-03-02 11:15:00,711.8499755859375,712.0499877929688,711.5499877929688,712.0499877929688
121,2022-03-02 11:16:00,712.0,712.0499877929688,711.7000122070312,711.75
122,2022-03-02 11:17:00,712.0,712.2000122070312,711.75,712.2000122070312
123,2022-03-02 11:18:00,712.2000122070312,712.2000122070312,711.8499755859375,712.0
124,2022-03-02 11:19:00,712.1500244140625,712.2000122070312,711.5,711.5
125,2022-03-02 11:20:00,711.0499877929688,711.3499755859375,710.7999877929688,711.0999755859375
126,2022-03-02 11:21:00,711.0,711.0999755859375,710.5999755859375,710.9000244140625
127,2022-03-02 11:22:00,710.9000244140625,710.9500122070312,710.0499877929688,710.9500122070312
128,2022-03-02 11:23:00,710.9500122070312,711.0,710.5999755859375,710.9500122070312
129,2022-03-02 11:24:00,710.7000122070312,710.9500122070312,710.5499877929688,710.9000244140625
130,2022-03-02 11:25:00,710.9000244140625,711.25,710.7000122070312,710.9000244140625
131,2022-03-02 11:26:00,711.25,712.3499755859375,711.0999755859375,712.0499877929688
132,2022-03-02 11:27:00,711.9500122070312,711.9500122070312,710.5999755859375,711.5
133,2022-03-02 11:28:00,711.5,711.75,711.0999755859375,711.6500244140625
134,2022-03-02 11:29:00,711.5,711.7000122070312,711.4000244140625,711.4000244140625
135,2022-03-02 11:30:00,711.4500122070312,711.5499877929688,710.5499877929688,710.8499755859375
136,2022-03-02 11:31:00,711.1500244140625,711.1500244140625,709.2999877929688,709.6500244140625
137,2022-03-02 11:32:00,709.7999877929688,710.0,709.7000122070312,709.8499755859375
138,2022-03-02 11:33:00,709.9000244140625,710.4000244140625,709.75,710.0
139,2022-03-02 11:34:00,710.0,710.9500122070312,709.7000122070312,710.0
140,2022-03-02 11:35:00,709.75,709.75,708.7000122070312,708.7000122070312
141,2022-03-02 11:36:00,708.7000122070312,709.2999877929688,708.7000122070312,708.7999877929688
142,2022-03-02 11:37:00,708.9500122070312,709.0,708.1500244140625,708.7000122070312
143,2022-03-02 11:38:00,708.7999877929688,709.2000122070312,708.5,709.0499877929688
144,2022-03-02 11:39:00,709.1500244140625,709.3499755859375,709.0999755859375,709.0999755859375
145,2022-03-02 11:40:00,709.0999755859375,709.3499755859375,706.75,707.0999755859375
146,2022-03-02 11:41:00,706.7999877929688,708.8499755859375,706.7999877929688,708.75
147,2022-03-02 11:42:00,708.5,708.8499755859375,708.4000244140625,708.5499877929688
148,2022-03-02 11:43:00,708.4500122070312,709.4000244140625,708.4500122070312,709.0999755859375
149,2022-03-02 11:44:00,708.9000244140625,709.0,708.4000244140625,708.5
150,2022-03-02 11:45:00,708.75,709.7999877929688,708.6500244140625,709.5999755859375
151,2022-03-02 11:46:00,709.5999755859375,709.7999877929688,709.25,709.5
152,2022-03-02 11:47:00,709.5,709.9500122070312,709.2999877929688,709.9500122070312
153,2022-03-02 11:48:00,709.9500122070312,710.2000122070312,709.5,709.7000122070312
154,2022-03-02 11:49:00,709.8499755859375,709.9000244140625,709.5,709.8499755859375
155,2022-03-02 11:50:00,709.8499755859375,709.9000244140625,709.2999877929688,709.75
156,2022-03-02 11:51:00,709.5,709.5999755859375,708.5499877929688,708.7000122070312
157,2022-03-02 11:52:00,709.0999755859375,709.0999755859375,707.7000122070312,708.4500122070312
158,2022-03-02 11:53:00,708.25,708.25,707.6500244140625,707.7000122070312
159,2022-03-02 11:54:00,707.7000122070312,707.7000122070312,705.8499755859375,706.25
160,2022-03-02 11:55:00,706.2000122070312,706.7999877929688,705.1500244140625,706.6500244140625
161,2022-03-02 11:56:00,706.5,707.0999755859375,706.25,707.0999755859375
162,2022-03-02 11:57:00,706.9500122070312,707.2000122070312,706.0,706.5999755859375
163,2022-03-02 11:58:00,706.7000122070312,707.7000122070312,706.7000122070312,707.2999877929688
164,2022-03-02 11:59:00,707.2999877929688,707.7000122070312,707.1500244140625,707.7000122070312
165,2022-03-02 12:00:00,707.7000122070312,707.9000244140625,707.5,707.7999877929688
166,2022-03-02 12:01:00,707.5499877929688,708.3499755859375,707.25,708.3499755859375
167,2022-03-02 12:02:00,708.4000244140625,708.9500122070312,708.0999755859375,708.9000244140625
168,2022-03-02 12:03:00,708.9000244140625,709.0499877929688,707.5,707.5
169,2022-03-02 12:04:00,707.5,707.7000122070312,706.5499877929688,706.5999755859375
170,2022-03-02 12:05:00,706.8499755859375,706.9000244140625,706.5,706.8499755859375
171,2022-03-02 12:06:00,706.8499755859375,707.0,706.5499877929688,706.7999877929688
172,2022-03-02 12:07:00,706.5499877929688,707.0,706.5499877929688,706.75
173,2022-03-02 12:08:00,706.75,707.4500122070312,706.75,706.9500122070312
174,2022-03-02 12:09:00,707.0,707.2000122070312,706.7000122070312,707.1500244140625
175,2022-03-02 12:10:00,707.2000122070312,707.25,706.75,707.0
176,2022-03-02 12:11:00,707.0499877929688,707.0499877929688,706.3499755859375,706.6500244140625
177,2022-03-02 12:12:00,706.75,706.7999877929688,706.0499877929688,706.25
178,2022-03-02 12:13:00,706.2000122070312,706.5,705.8499755859375,705.9000244140625
179,2022-03-02 12:14:00,705.6500244140625,705.9500122070312,705.0,705.5
180,2022-03-02 12:15:00,705.5,705.5999755859375,704.5999755859375,705.25
181,2022-03-02 12:16:00,705.3499755859375,706.9000244140625,705.0499877929688,706.9000244140625
182,2022-03-02 12:17:00,706.7999877929688,706.9000244140625,706.2000122070312,706.4000244140625
183,2022-03-02 12:18:00,706.5,706.6500244140625,706.0999755859375,706.3499755859375
184,2022-03-02 12:19:00,706.2000122070312,706.4500122070312,705.7000122070312,706.0
185,2022-03-02 12:20:00,706.0,706.2999877929688,706.0,706.2999877929688
186,2022-03-02 12:21:00,706.2999877929688,706.2999877929688,705.7000122070312,706.2000122070312
187,2022-03-02 12:22:00,706.1500244140625,706.2000122070312,704.5999755859375,704.5999755859375
188,2022-03-02 12:23:00,704.5999755859375,704.9000244140625,704.2999877929688,704.7999877929688
189,2022-03-02 12:24:00,704.7000122070312,705.7999877929688,704.5499877929688,705.6500244140625
190,2022-03-02 12:25:00,705.7999877929688,705.7999877929688,705.0999755859375,705.3499755859375
191,2022-03-02 12:26:00,705.1500244140625,705.75,704.2999877929688,704.5
192,2022-03-02 12:27:00,704.5999755859375,705.0,703.4500122070312,704.0
193,2022-03-02 12:28:00,704.4000244140625,704.8499755859375,703.9000244140625,704.2999877929688
194,2022-03-02 12:29:00,704.2999877929688,705.0,704.2999877929688,704.9500122070312
195,2022-03-02 12:30:00,705.0,705.0,704.5499877929688,704.5499877929688
196,2022-03-02 12:31:00,704.5499877929688,705.0,703.9500122070312,703.9500122070312
197,2022-03-02 12:32:00,704.0,704.75,703.8499755859375,703.9000244140625
198,2022-03-02 12:33:00,704.0499877929688,704.2000122070312,703.1500244140625,703.2000122070312
199,2022-03-02 12:34:00,703.5499877929688,703.9500122070312,703.25,703.7000122070312
200,2022-03-02 12:35:00,703.7000122070312,703.75,701.8499755859375,702.5499877929688
201,2022-03-02 12:36:00,702.5999755859375,703.75,702.3499755859375,703.4500122070312
202,2022-03-02 12:37:00,703.4000244140625,703.4000244140625,702.4000244140625,702.5
203,2022-03-02 12:38:00,702.5,702.9500122070312,702.0,702.2000122070312
204,2022-03-02 12:39:00,702.5499877929688,703.0,702.2000122070312,702.7999877929688
205,2022-03-02 12:40:00,702.8499755859375,703.0,702.25,703.0
206,2022-03-02 12:41:00,702.75,703.5499877929688,702.75,703.5499877929688
207,2022-03-02 12:42:00,703.1500244140625,704.75,703.1500244140625,704.6500244140625
208,2022-03-02 12:43:00,704.7000122070312,705.2999877929688,704.4000244140625,704.4000244140625
209,2022-03-02 12:44:00,704.7999877929688,704.9000244140625,703.5999755859375,703.9000244140625
210,2022-03-02 12:45:00,703.9500122070312,703.9500122070312,702.9500122070312,703.25
211,2022-03-02 12:46:00,703.4500122070312,703.5,702.6500244140625,702.75
212,2022-03-02 12:47:00,703.0,703.3499755859375,702.75,703.3499755859375
213,2022-03-02 12:48:00,703.4500122070312,703.75,702.0,702.0499877929688
214,2022-03-02 12:49:00,702.3499755859375,702.9000244140625,702.0499877929688,702.7000122070312
215,2022-03-02 12:50:00,702.75,703.0,702.2999877929688,702.2999877929688
216,2022-03-02 12:51:00,702.5,703.0,702.25,702.25
217,2022-03-02 12:52:00,702.4500122070312,702.7999877929688,702.0,702.0999755859375
218,2022-03-02 12:53:00,702.5,702.9000244140625,702.2999877929688,702.9000244140625
219,2022-03-02 12:54:00,702.9000244140625,703.75,702.7000122070312,703.4000244140625
220,2022-03-02 12:55:00,703.1500244140625,703.2999877929688,702.75,703.2000122070312
221,2022-03-02 12:56:00,703.0499877929688,704.1500244140625,703.0499877929688,704.1500244140625
222,2022-03-02 12:57:00,704.2000122070312,705.7999877929688,704.2000122070312,705.7999877929688
223,2022-03-02 12:58:00,705.5999755859375,706.5,705.3499755859375,705.9000244140625
224,2022-03-02 12:59:00,706.0,706.9000244140625,705.9000244140625,706.4500122070312
225,2022-03-02 13:00:00,706.5,707.0,705.75,706.0
226,2022-03-02 13:01:00,705.7999877929688,706.7999877929688,705.7999877929688,706.3499755859375
227,2022-03-02 13:02:00,706.6500244140625,707.2999877929688,706.2000122070312,706.9000244140625
228,2022-03-02 13:03:00,707.0,707.9000244140625,706.75,707.7000122070312
229,2022-03-02 13:04:00,707.6500244140625,708.5999755859375,707.4000244140625,708.4000244140625
230,2022-03-02 13:05:00,708.4000244140625,708.4000244140625,707.25,707.7000122070312
231,2022-03-02 13:06:00,707.9000244140625,708.0,707.0,707.9000244140625
232,2022-03-02 13:07:00,707.9000244140625,708.0,707.5999755859375,707.7999877929688
233,2022-03-02 13:08:00,707.5,707.7000122070312,707.1500244140625,707.4000244140625
234,2022-03-02 13:09:00,707.5,708.4000244140625,707.5,708.0999755859375
235,2022-03-02 13:10:00,708.2999877929688,708.4000244140625,707.25,707.7000122070312
236,2022-03-02 13:11:00,707.4500122070312,707.9000244140625,707.0999755859375,707.6500244140625
237,2022-03-02 13:12:00,707.7999877929688,708.2999877929688,706.4000244140625,706.8499755859375
238,2022-03-02 13:13:00,706.6500244140625,707.4500122070312,706.6500244140625,706.6500244140625
239,2022-03-02 13:14:00,706.7999877929688,707.4500122070312,706.7999877929688,707.4500122070312
240,2022-03-02 13:15:00,707.4500122070312,707.4500122070312,706.4500122070312,706.5
241,2022-03-02 13:16:00,706.5999755859375,706.7000122070312,706.0999755859375,706.5
242,2022-03-02 13:17:00,706.2999877929688,707.0,706.2999877929688,706.9000244140625
243,2022-03-02 13:18:00,706.7000122070312,707.3499755859375,706.6500244140625,706.7999877929688
244,2022-03-02 13:19:00,706.9500122070312,708.0,706.5999755859375,707.8499755859375
245,2022-03-02 13:20:00,708.0,708.9000244140625,708.0,708.6500244140625
246,2022-03-02 13:21:00,708.5,709.5499877929688,708.4000244140625,708.5
247,2022-03-02 13:22:00,708.7000122070312,708.7000122070312,706.9000244140625,707.2999877929688
248,2022-03-02 13:23:00,707.7000122070312,708.2999877929688,707.5,708.2999877929688
249,2022-03-02 13:24:00,708.2999877929688,708.9500122070312,708.0499877929688,708.4500122070312
250,2022-03-02 13:25:00,708.25,708.4500122070312,707.7999877929688,707.7999877929688
251,2022-03-02 13:26:00,707.9500122070312,707.9500122070312,707.4000244140625,707.75
252,2022-03-02 13:27:00,707.7000122070312,707.9000244140625,705.7000122070312,706.2000122070312
253,2022-03-02 13:28:00,706.0499877929688,706.5,705.7000122070312,706.4500122070312
254,2022-03-02 13:29:00,706.0499877929688,707.2999877929688,706.0499877929688,707.0499877929688
255,2022-03-02 13:30:00,707.0999755859375,708.4500122070312,707.0499877929688,708.0
256,2022-03-02 13:31:00,708.4000244140625,708.5,707.7000122070312,707.7000122070312
257,2022-03-02 13:32:00,707.9500122070312,708.2999877929688,707.2999877929688,707.4500122070312
258,2022-03-02 13:33:00,707.4500122070312,708.1500244140625,707.4500122070312,708.1500244140625
259,2022-03-02 13:34:00,708.0,708.2000122070312,707.6500244140625,707.6500244140625
260,2022-03-02 13:35:00,707.5499877929688,708.0,706.75,708.0
261,2022-03-02 13:36:00,708.0999755859375,708.25,707.2000122070312,707.5
262,2022-03-02 13:37:00,707.5,707.7999877929688,706.7000122070312,707.2000122070312
263,2022-03-02 13:38:00,707.0999755859375,708.25,707.0999755859375,708.1500244140625
264,2022-03-02 13:39:00,708.1500244140625,708.5,707.4000244140625,707.4000244140625
265,2022-03-02 13:40:00,707.4000244140625,708.5,707.0,708.5
266,2022-03-02 13:41:00,708.5,708.75,708.2000122070312,708.4000244140625
267,2022-03-02 13:42:00,708.3499755859375,708.5,707.2999877929688,708.0
268,2022-03-02 13:43:00,708.1500244140625,708.1500244140625,707.4500122070312,707.8499755859375
269,2022-03-02 13:44:00,708.0,708.2000122070312,707.4500122070312,708.0999755859375
270,2022-03-02 13:45:00,708.25,708.75,707.75,708.0
271,2022-03-02 13:46:00,707.9500122070312,708.4000244140625,707.7000122070312,708.0
272,2022-03-02 13:47:00,708.0999755859375,708.4500122070312,708.0,708.4500122070312
273,2022-03-02 13:48:00,708.4500122070312,708.4500122070312,708.0,708.2999877929688
274,2022-03-02 13:49:00,708.2999877929688,708.2999877929688,708.0,708.1500244140625
275,2022-03-02 13:50:00,708.2000122070312,708.5999755859375,708.0,708.5999755859375
276,2022-03-02 13:51:00,708.5499877929688,708.75,707.9000244140625,707.9000244140625
277,2022-03-02 13:52:00,708.0,708.0,707.5,707.8499755859375
278,2022-03-02 13:53:00,707.6500244140625,708.5,707.6500244140625,708.2999877929688
279,2022-03-02 13:54:00,708.3499755859375,708.5,708.25,708.2999877929688
280,2022-03-02 13:55:00,708.5,708.5,708.0,708.3499755859375
281,2022-03-02 13:56:00,708.3499755859375,708.7000122070312,708.2000122070312,708.5999755859375
282,2022-03-02 13:57:00,708.4500122070312,709.0,708.25,708.9500122070312
283,2022-03-02 13:58:00,709.0,709.0,707.8499755859375,708.1500244140625
284,2022-03-02 13:59:00,708.25,708.25,707.2000122070312,707.2000122070312
285,2022-03-02 14:00:00,707.0999755859375,707.2000122070312,706.2999877929688,706.9500122070312
286,2022-03-02 14:01:00,706.9500122070312,707.25,706.5499877929688,706.9500122070312
287,2022-03-02 14:02:00,706.6500244140625,707.75,706.6500244140625,707.75
288,2022-03-02 14:03:00,707.5,708.2999877929688,707.3499755859375,708.2999877929688
289,2022-03-02 14:04:00,708.1500244140625,708.7999877929688,708.1500244140625,708.4500122070312
290,2022-03-02 14:05:00,708.1500244140625,708.7000122070312,708.0,708.4000244140625
291,2022-03-02 14:06:00,708.1500244140625,708.6500244140625,708.0999755859375,708.5
292,2022-03-02 14:07:00,708.5,708.5,708.0,708.0999755859375
293,2022-03-02 14:08:00,708.2000122070312,708.5,707.5,707.5499877929688
294,2022-03-02 14:09:00,707.3499755859375,708.2000122070312,707.25,707.75
295,2022-03-02 14:10:00,707.7999877929688,707.9000244140625,707.0,707.2000122070312
296,2022-03-02 14:11:00,707.0499877929688,707.7000122070312,706.75,707.25
297,2022-03-02 14:12:00,707.25,707.7999877929688,707.0,707.0999755859375
298,2022-03-02 14:13:00,707.0,707.2999877929688,706.0499877929688,706.2999877929688
299,2022-03-02 14:14:00,706.2999877929688,707.2000122070312,706.1500244140625,706.4500122070312
300,2022-03-02 14:15:00,706.25,706.9500122070312,704.8499755859375,705.0999755859375
301,2022-03-02 14:16:00,704.9000244140625,706.5,704.7999877929688,706.5
302,2022-03-02 14:17:00,706.0999755859375,706.5,705.4000244140625,705.6500244140625
303,2022-03-02 14:18:00,705.7999877929688,705.8499755859375,705.2000122070312,705.4500122070312
304,2022-03-02 14:19:00,705.3499755859375,705.6500244140625,704.0,704.75
305,2022-03-02 14:20:00,704.75,704.8499755859375,703.5999755859375,703.7000122070312
306,2022-03-02 14:21:00,704.0,704.0,703.6500244140625,703.75
307,2022-03-02 14:22:00,703.75,703.7999877929688,702.7000122070312,703.4500122070312
308,2022-03-02 14:23:00,703.4500122070312,704.7999877929688,703.1500244140625,704.0
309,2022-03-02 14:24:00,704.0999755859375,704.0999755859375,703.0,704.0999755859375
310,2022-03-02 14:25:00,704.2000122070312,704.5,703.4000244140625,703.5999755859375
311,2022-03-02 14:26:00,703.5499877929688,704.4000244140625,703.2999877929688,703.9500122070312
312,2022-03-02 14:27:00,703.9000244140625,703.9000244140625,702.9500122070312,703.5
313,2022-03-02 14:28:00,703.5999755859375,704.4500122070312,703.25,704.0
314,2022-03-02 14:29:00,704.2999877929688,704.6500244140625,703.7000122070312,704.4000244140625
315,2022-03-02 14:30:00,704.6500244140625,705.7000122070312,704.4000244140625,705.7000122070312
316,2022-03-02 14:31:00,705.7000122070312,706.9000244140625,705.5,706.0499877929688
317,2022-03-02 14:32:00,706.0999755859375,706.9000244140625,706.0,706.9000244140625
318,2022-03-02 14:33:00,706.8499755859375,706.8499755859375,706.2999877929688,706.5
319,2022-03-02 14:34:00,706.4500122070312,707.0499877929688,705.7000122070312,705.8499755859375
320,2022-03-02 14:35:00,705.9500122070312,707.7000122070312,705.75,706.5499877929688
321,2022-03-02 14:36:00,706.5499877929688,707.4000244140625,706.0999755859375,707.4000244140625
322,2022-03-02 14:37:00,707.4000244140625,707.7999877929688,706.5,706.7000122070312
323,2022-03-02 14:38:00,706.6500244140625,707.2000122070312,705.7000122070312,705.7000122070312
324,2022-03-02 14:39:00,705.7999877929688,706.5,705.7999877929688,706.2000122070312
325,2022-03-02 14:40:00,705.9000244140625,707.0999755859375,705.5499877929688,707.0999755859375
326,2022-03-02 14:41:00,706.9500122070312,707.0999755859375,706.2999877929688,707.0999755859375
327,2022-03-02 14:42:00,707.0999755859375,707.7000122070312,706.4000244140625,707.1500244140625
328,2022-03-02 14:43:00,707.1500244140625,707.5999755859375,706.5,707.2999877929688
329,2022-03-02 14:44:00,707.4500122070312,707.5999755859375,706.3499755859375,707.3499755859375
330,2022-03-02 14:45:00,707.5,708.0,707.2999877929688,707.9000244140625
331,2022-03-02 14:46:00,708.0,708.25,707.7999877929688,707.7999877929688
332,2022-03-02 14:47:00,707.9500122070312,708.0,707.5,707.7999877929688
333,2022-03-02 14:48:00,707.9000244140625,708.0,707.0499877929688,707.7000122070312
334,2022-03-02 14:49:00,707.9000244140625,708.0,707.2000122070312,707.7999877929688
335,2022-03-02 14:50:00,707.6500244140625,708.0,707.2999877929688,707.9000244140625
336,2022-03-02 14:51:00,708.0,708.0,707.2999877929688,707.5999755859375
337,2022-03-02 14:52:00,707.5999755859375,708.0999755859375,707.5499877929688,707.8499755859375
338,2022-03-02 14:53:00,708.0,708.2000122070312,707.8499755859375,708.0
339,2022-03-02 14:54:00,708.0999755859375,708.2000122070312,706.7000122070312,706.75
340,2022-03-02 14:55:00,707.1500244140625,708.0,707.1500244140625,707.6500244140625
341,2022-03-02 14:56:00,707.6500244140625,708.0999755859375,707.4500122070312,708.0999755859375
342,2022-03-02 14:57:00,708.0999755859375,708.2000122070312,707.5499877929688,708.2000122070312
343,2022-03-02 14:58:00,708.0499877929688,708.2000122070312,707.3499755859375,708.0
344,2022-03-02 14:59:00,708.0,708.3499755859375,707.9500122070312,708.2999877929688
345,2022-03-02 15:00:00,708.2999877929688,711.75,708.25,711.2000122070312
346,2022-03-02 15:01:00,711.2999877929688,711.2999877929688,709.5999755859375,709.7000122070312
347,2022-03-02 15:02:00,709.5499877929688,709.5499877929688,708.7000122070312,708.8499755859375
348,2022-03-02 15:03:00,708.4500122070312,709.0,708.1500244140625,709.0
349,2022-03-02 15:04:00,709.5999755859375,710.0999755859375,709.5999755859375,709.5999755859375
350,2022-03-02 15:05:00,709.5999755859375,709.5999755859375,708.7999877929688,708.7999877929688
351,2022-03-02 15:06:00,708.9000244140625,709.9000244140625,708.6500244140625,709.4000244140625
352,2022-03-02 15:07:00,709.1500244140625,710.0,709.1500244140625,709.9000244140625
353,2022-03-02 15:08:00,710.0,710.0,709.1500244140625,709.2000122070312
354,2022-03-02 15:09:00,709.2000122070312,709.5999755859375,709.0,709.1500244140625
355,2022-03-02 15:10:00,709.1500244140625,709.7000122070312,709.0,709.2000122070312
356,2022-03-02 15:11:00,709.0999755859375,710.2000122070312,709.0999755859375,710.0
357,2022-03-02 15:12:00,710.0,710.0499877929688,709.6500244140625,709.6500244140625
358,2022-03-02 15:13:00,709.6500244140625,710.2999877929688,709.4000244140625,710.2999877929688
359,2022-03-02 15:14:00,710.0,710.9000244140625,709.8499755859375,710.5999755859375
360,2022-03-02 15:15:00,710.4000244140625,710.4000244140625,709.7000122070312,710.1500244140625
361,2022-03-02 15:16:00,710.1500244140625,710.1500244140625,709.5499877929688,710.0
362,2022-03-02 15:17:00,710.0999755859375,710.3499755859375,709.9500122070312,710.25
363,2022-03-02 15:18:00,710.25,711.7000122070312,709.9000244140625,711.7000122070312
364,2022-03-02 15:19:00,711.5499877929688,712.0,711.2000122070312,711.9500122070312
365,2022-03-02 15:20:00,711.9000244140625,711.9500122070312,710.7000122070312,711.0999755859375
366,2022-03-02 15:21:00,711.0,711.5,710.8499755859375,711.0
367,2022-03-02 15:22:00,711.1500244140625,711.5999755859375,711.0499877929688,711.5
368,2022-03-02 15:23:00,711.5999755859375,711.9000244140625,711.1500244140625,711.2000122070312
369,2022-03-02 15:24:00,711.2000122070312,711.75,710.25,710.2999877929688
370,2022-03-02 15:25:00,710.25,711.75,710.0999755859375,711.4000244140625
371,2022-03-02 15:26:00,711.4000244140625,711.7000122070312,710.4000244140625,710.5999755859375
372,2022-03-02 15:27:00,710.4500122070312,711.4500122070312,710.4000244140625,711.4500122070312
373,2022-03-02 15:28:00,711.3499755859375,711.5499877929688,709.9500122070312,710.7999877929688
374,2022-03-02 15:29:00,710.7999877929688,711.9000244140625,710.4500122070312,711.25
375,2022-03-03 09:15:00,715.7999877929688,720.2999877929688,715.7999877929688,719.5
376,2022-03-03 09:16:00,719.5999755859375,724.2000122070312,719.5999755859375,723.5499877929688
377,2022-03-03 09:17:00,723.7000122070312,723.7000122070312,722.0,722.6500244140625
378,2022-03-03 09:18:00,722.0499877929688,724.1500244140625,722.0499877929688,723.3499755859375
379,2022-03-03 09:19:00,723.4500122070312,724.4500122070312,723.0,723.4000244140625
380,2022-03-03 09:20:00,723.4000244140625,723.7000122070312,722.0,722.4000244140625
381,2022-03-03 09:21:00,722.1500244140625,722.9000244140625,720.9000244140625,721.7999877929688
382,2022-03-03 09:22:00,721.5499877929688,722.0,719.0,719.4000244140625
383,2022-03-03 09:23:00,719.0499877929688,719.9000244140625,718.0999755859375,719.5499877929688
384,2022-03-03 09:24:00,719.5499877929688,719.7000122070312,718.4000244140625,718.7000122070312
385,2022-03-03 09:25:00,718.7000122070312,719.2999877929688,718.0,718.7000122070312
386,2022-03-03 09:26:00,718.7000122070312,719.0,717.0,717.5499877929688
387,2022-03-03 09:27:00,717.5999755859375,717.6500244140625,717.0,717.25
388,2022-03-03 09:28:00,717.25,717.25,716.5499877929688,716.8499755859375
389,2022-03-03 09:29:00,716.5999755859375,717.0999755859375,716.0,716.2999877929688
390,2022-03-03 09:30:00,716.0,717.0,715.0,715.0
391,2022-03-03 09:31:00,715.0,716.0999755859375,714.7999877929688,715.5499877929688
392,2022-03-03 09:32:00,715.6500244140625,716.4500122070312,715.1500244140625,715.75
393,2022-03-03 09:33:00,715.75,716.5,715.4000244140625,715.9500122070312
394,2022-03-03 09:34:00,715.7000122070312,715.9500122070312,714.6500244140625,714.7999877929688
395,2022-03-03 09:35:00,714.5,714.7999877929688,714.0999755859375,714.2000122070312
396,2022-03-03 09:36:00,714.2000122070312,714.8499755859375,714.2000122070312,714.4500122070312
397,2022-03-03 09:37:00,714.4500122070312,714.6500244140625,713.0999755859375,713.5
398,2022-03-03 09:38:00,713.2000122070312,713.5499877929688,712.5,713.4000244140625
399,2022-03-03 09:39:00,713.4000244140625,714.7999877929688,712.5499877929688,714.5
400,2022-03-03 09:40:00,714.5,714.5499877929688,713.2999877929688,713.9000244140625
401,2022-03-03 09:41:00,713.9000244140625,714.5,713.4000244140625,714.5
402,2022-03-03 09:42:00,714.4500122070312,714.8499755859375,713.5,713.5
403,2022-03-03 09:43:00,713.5,714.4000244140625,713.2000122070312,714.3499755859375
404,2022-03-03 09:44:00,714.3499755859375,714.4000244140625,713.5,713.5
405,2022-03-03 09:45:00,713.2999877929688,713.2999877929688,712.2000122070312,712.5
406,2022-03-03 09:46:00,712.7000122070312,713.7999877929688,712.2999877929688,712.4000244140625
407,2022-03-03 09:47:00,712.6500244140625,713.5999755859375,712.2999877929688,713.2000122070312
408,2022-03-03 09:48:00,713.25,713.7999877929688,712.4500122070312,712.6500244140625
409,2022-03-03 09:49:00,712.4000244140625,712.8499755859375,711.7999877929688,712.8499755859375
410,2022-03-03 09:50:00,712.6500244140625,713.5999755859375,712.5,713.0
411,2022-03-03 09:51:00,713.0,713.4500122070312,712.7999877929688,713.4500122070312
412,2022-03-03 09:52:00,713.2000122070312,713.5,712.7999877929688,713.0499877929688
413,2022-03-03 09:53:00,713.1500244140625,713.1500244140625,712.4000244140625,712.5
414,2022-03-03 09:54:00,712.5,713.0499877929688,712.5,713.0
415,2022-03-03 09:55:00,713.0,713.5,712.75,713.2000122070312
416,2022-03-03 09:56:00,713.2000122070312,713.5,713.1500244140625,713.25
417,2022-03-03 09:57:00,713.3499755859375,713.5,713.2000122070312,713.4500122070312
418,2022-03-03 09:58:00,713.4000244140625,713.5,713.2000122070312,713.4000244140625
419,2022-03-03 09:59:00,713.5,713.5,713.0,713.0
420,2022-03-03 10:00:00,713.2000122070312,713.4000244140625,712.3499755859375,712.7999877929688
421,2022-03-03 10:01:00,713.0,713.25,712.4000244140625,713.25
422,2022-03-03 10:02:00,713.25,713.5499877929688,712.5999755859375,713.0
423,2022-03-03 10:03:00,713.0,713.25,712.5999755859375,713.0
424,2022-03-03 10:04:00,712.8499755859375,713.25,712.5499877929688,713.25
425,2022-03-03 10:05:00,713.25,713.25,712.5499877929688,713.25
426,2022-03-03 10:06:00,713.25,713.75,712.9500122070312,713.0
427,2022-03-03 10:07:00,712.9500122070312,714.0,712.9000244140625,714.0
428,2022-03-03 10:08:00,714.0,714.1500244140625,713.5,713.7999877929688
429,2022-03-03 10:09:00,714.3499755859375,714.4000244140625,712.5999755859375,712.9000244140625
430,2022-03-03 10:10:00,712.5999755859375,713.4000244140625,712.2000122070312,712.9000244140625
431,2022-03-03 10:11:00,712.9000244140625,713.5,712.4000244140625,712.9000244140625
432,2022-03-03 10:12:00,712.9000244140625,713.2000122070312,712.4000244140625,712.9500122070312
433,2022-03-03 10:13:00,713.2000122070312,713.5,712.7999877929688,713.5
434,2022-03-03 10:14:00,713.5,713.75,712.7000122070312,713.75
435,2022-03-03 10:15:00,713.75,713.9000244140625,713.0,713.2000122070312
436,2022-03-03 10:16:00,713.2000122070312,713.75,712.9000244140625,713.0999755859375
437,2022-03-03 10:17:00,713.0999755859375,713.7999877929688,713.0499877929688,713.0999755859375
438,2022-03-03 10:18:00,713.4500122070312,713.5,712.4000244140625,712.7000122070312
439,2022-03-03 10:19:00,712.9500122070312,713.25,712.4000244140625,713.25
440,2022-03-03 10:20:00,712.7999877929688,713.25,712.5,713.25
441,2022-03-03 10:21:00,713.0,713.3499755859375,712.4000244140625,712.9000244140625
442,2022-03-03 10:22:00,712.5499877929688,713.4000244140625,712.5,713.0
443,2022-03-03 10:23:00,713.0,713.5,711.5,712.0499877929688
444,2022-03-03 10:24:00,712.0499877929688,712.75,711.4500122070312,712.5
445,2022-03-03 10:25:00,712.5499877929688,713.0,712.4000244140625,712.7999877929688
446,2022-03-03 10:26:00,712.4500122070312,712.5,711.5999755859375,711.7999877929688
447,2022-03-03 10:27:00,712.0,712.5,711.5999755859375,711.7999877929688
448,2022-03-03 10:28:00,711.7999877929688,712.5,711.7999877929688,712.1500244140625
449,2022-03-03 10:29:00,712.4000244140625,712.75,711.9000244140625,712.5999755859375
450,2022-03-03 10:30:00,712.4500122070312,712.75,711.4500122070312,711.8499755859375
451,2022-03-03 10:31:00,712.2000122070312,712.75,712.0,712.4500122070312
452,2022-03-03 10:32:00,712.2999877929688,712.75,712.1500244140625,712.75
453,2022-03-03 10:33:00,712.75,713.0,711.8499755859375,713.0
454,2022-03-03 10:34:00,712.8499755859375,713.3499755859375,712.5999755859375,713.0499877929688
455,2022-03-03 10:35:00,713.2999877929688,713.4000244140625,712.1500244140625,712.75
456,2022-03-03 10:36:00,712.2000122070312,712.75,711.5999755859375,712.25
457,2022-03-03 10:37:00,712.25,712.7999877929688,711.7000122070312,711.75
458,2022-03-03 10:38:00,711.9000244140625,712.5999755859375,711.6500244140625,712.0
459,2022-03-03 10:39:00,712.0,712.5999755859375,711.7000122070312,712.0
460,2022-03-03 10:40:00,712.0,712.5,711.6500244140625,711.7999877929688
461,2022-03-03 10:41:00,711.75,712.7999877929688,711.6500244140625,711.8499755859375
462,2022-03-03 10:42:00,711.7000122070312,712.1500244140625,711.0,711.1500244140625
463,2022-03-03 10:43:00,711.1500244140625,711.9500122070312,711.0,711.9000244140625
464,2022-03-03 10:44:00,711.4000244140625,711.7999877929688,711.0,711.25
465,2022-03-03 10:45:00,711.25,712.0,711.0,712.0
466,2022-03-03 10:46:00,711.2000122070312,711.9500122070312,711.0499877929688,711.1500244140625
467,2022-03-03 10:47:00,711.0999755859375,712.3499755859375,711.0499877929688,711.7000122070312
468,2022-03-03 10:48:00,711.5999755859375,711.8499755859375,710.4000244140625,710.5
469,2022-03-03 10:49:00,710.4000244140625,711.1500244140625,710.0499877929688,710.8499755859375
470,2022-03-03 10:50:00,710.75,711.25,710.0499877929688,710.8499755859375
471,2022-03-03 10:51:00,710.6500244140625,711.4500122070312,710.0999755859375,710.7999877929688
472,2022-03-03 10:52:00,710.5999755859375,710.6500244140625,709.3499755859375,709.9500122070312
473,2022-03-03 10:53:00,710.0,710.7999877929688,709.9000244140625,710.4000244140625
474,2022-03-03 10:54:00,710.5499877929688,710.9500122070312,710.0499877929688,710.5
475,2022-03-03 10:55:00,710.5,711.8499755859375,710.1500244140625,711.25
476,2022-03-03 10:56:00,711.25,711.3499755859375,710.25,710.2999877929688
477,2022-03-03 10:57:00,710.2000122070312,711.0999755859375,709.0,709.9000244140625
478,2022-03-03 10:58:00,709.6500244140625,710.0499877929688,709.0,709.2999877929688
479,2022-03-03 10:59:00,709.3499755859375,709.7999877929688,708.6500244140625,709.2000122070312
480,2022-03-03 11:00:00,709.4000244140625,709.9500122070312,708.5499877929688,709.9500122070312
481,2022-03-03 11:01:00,710.0499877929688,710.9000244140625,709.6500244140625,710.0999755859375
482,2022-03-03 11:02:00,710.0,710.6500244140625,709.4500122070312,710.0999755859375
483,2022-03-03 11:03:00,710.0499877929688,710.5999755859375,709.6500244140625,710.0
484,2022-03-03 11:04:00,710.0,710.9500122070312,709.8499755859375,709.9500122070312
485,2022-03-03 11:05:00,710.0,710.5499877929688,709.9000244140625,709.9000244140625
486,2022-03-03 11:06:00,710.5,710.5999755859375,709.9000244140625,710.0
487,2022-03-03 11:07:00,710.2999877929688,710.7000122070312,710.0,710.0999755859375
488,2022-03-03 11:08:00,710.0999755859375,711.3499755859375,710.0499877929688,710.6500244140625
489,2022-03-03 11:09:00,710.6500244140625,711.0999755859375,710.0999755859375,710.3499755859375
490,2022-03-03 11:10:00,710.4500122070312,711.4000244140625,710.0999755859375,710.5999755859375
491,2022-03-03 11:11:00,710.5999755859375,711.7000122070312,710.2000122070312,710.5999755859375
492,2022-03-03 11:12:00,710.75,711.4000244140625,709.5,710.4500122070312
493,2022-03-03 11:13:00,710.4500122070312,711.0999755859375,709.7000122070312,709.9000244140625
494,2022-03-03 11:14:00,709.5999755859375,710.5499877929688,709.4000244140625,710.0999755859375
495,2022-03-03 11:15:00,710.0999755859375,711.2000122070312,709.9500122070312,710.0499877929688
496,2022-03-03 11:16:00,710.0499877929688,710.9500122070312,709.75,710.4000244140625
497,2022-03-03 11:17:00,710.4000244140625,711.4000244140625,710.3499755859375,711.0
498,2022-03-03 11:18:00,711.4000244140625,712.0999755859375,711.0,711.0
499,2022-03-03 11:19:00,711.0,712.0,711.0,711.4500122070312
500,2022-03-03 11:20:00,711.4000244140625,711.4500122070312,710.3499755859375,710.5
501,2022-03-03 11:21:00,710.7000122070312,711.3499755859375,710.25,711.1500244140625
502,2022-03-03 11:22:00,710.75,711.9000244140625,710.2999877929688,711.1500244140625
503,2022-03-03 11:23:00,710.75,711.7999877929688,710.5,711.6500244140625
504,2022-03-03 11:24:00,711.9000244140625,712.4500122070312,711.25,712.4500122070312
505,2022-03-03 11:25:00,712.3499755859375,712.7999877929688,711.25,711.6500244140625
506,2022-03-03 11:26:00,711.5999755859375,712.25,711.0999755859375,711.5999755859375
507,2022-03-03 11:27:00,711.5499877929688,711.6500244140625,710.9500122070312,711.4000244140625
508,2022-03-03 11:28:00,711.0999755859375,711.9000244140625,710.9000244140625,710.9000244140625
509,2022-03-03 11:29:00,711.8499755859375,711.8499755859375,710.7000122070312,711.2999877929688
510,2022-03-03 11:30:00,711.25,711.5499877929688,710.8499755859375,711.0
511,2022-03-03 11:31:00,711.2000122070312,711.2999877929688,710.9000244140625,711.0
512,2022-03-03 11:32:00,711.0,712.5499877929688,710.9500122070312,711.5
513,2022-03-03 11:33:00,711.5,712.5499877929688,710.75,711.0999755859375
514,2022-03-03 11:34:00,711.0999755859375,711.5999755859375,710.75,711.0999755859375
515,2022-03-03 11:35:00,711.0499877929688,712.2000122070312,710.9500122070312,711.2999877929688
516,2022-03-03 11:36:00,711.2999877929688,711.5,710.9500122070312,711.25
517,2022-03-03 11:37:00,711.0,712.0,711.0,711.5
518,2022-03-03 11:38:00,711.4500122070312,711.5999755859375,710.9000244140625,710.9000244140625
519,2022-03-03 11:39:00,710.75,711.3499755859375,710.5499877929688,711.25
520,2022-03-03 11:40:00,711.0,711.75,710.7999877929688,710.9500122070312
521,2022-03-03 11:41:00,711.0499877929688,711.8499755859375,710.7999877929688,711.4000244140625
522,2022-03-03 11:42:00,711.0999755859375,711.7000122070312,710.8499755859375,710.9000244140625
523,2022-03-03 11:43:00,711.0,712.2000122070312,711.0,711.0999755859375
524,2022-03-03 11:44:00,711.0499877929688,712.0999755859375,710.9500122070312,711.6500244140625
525,2022-03-03 11:45:00,711.5999755859375,712.0,710.7999877929688,710.8499755859375
526,2022-03-03 11:46:00,711.0,711.7000122070312,710.8499755859375,711.25
527,2022-03-03 11:47:00,712.0,712.0,711.0,711.1500244140625
528,2022-03-03 11:48:00,711.1500244140625,712.2000122070312,710.8499755859375,711.2999877929688
529,2022-03-03 11:49:00,711.2999877929688,712.2000122070312,711.0,712.2000122070312
530,2022-03-03 11:50:00,711.6500244140625,712.2000122070312,710.9500122070312,712.2000122070312
531,2022-03-03 11:51:00,711.25,712.0,710.9000244140625,711.1500244140625
532,2022-03-03 11:52:00,711.5499877929688,712.2000122070312,711.0999755859375,711.2000122070312
533,2022-03-03 11:53:00,711.2000122070312,712.2000122070312,711.2000122070312,711.9500122070312
534,2022-03-03 11:54:00,711.5999755859375,712.2000122070312,711.1500244140625,711.9500122070312
535,2022-03-03 11:55:00,711.4000244140625,712.1500244140625,711.0999755859375,711.0999755859375
536,2022-03-03 11:56:00,711.1500244140625,712.0,711.0,711.0
537,2022-03-03 11:57:00,711.0,712.0,710.6500244140625,710.6500244140625
538,2022-03-03 11:58:00,710.9000244140625,711.0,710.0999755859375,710.9500122070312
539,2022-03-03 11:59:00,711.0,711.6500244140625,710.7000122070312,711.2000122070312
540,2022-03-03 12:00:00,711.1500244140625,711.5,710.8499755859375,711.1500244140625
541,2022-03-03 12:01:00,711.0999755859375,711.7999877929688,710.9500122070312,711.0
542,2022-03-03 12:02:00,711.0,711.7999877929688,710.7000122070312,711.0
543,2022-03-03 12:03:00,711.7999877929688,711.9500122070312,710.7999877929688,711.1500244140625
544,2022-03-03 12:04:00,711.0,712.0,711.0,711.0499877929688
545,2022-03-03 12:05:00,711.0499877929688,712.0,711.0,711.25
546,2022-03-03 12:06:00,711.4500122070312,712.2000122070312,711.0,711.8499755859375
547,2022-03-03 12:07:00,711.4500122070312,712.4000244140625,711.0999755859375,711.4000244140625
548,2022-03-03 12:08:00,711.4000244140625,712.2999877929688,711.25,711.5999755859375
549,2022-03-03 12:09:00,711.8499755859375,712.0999755859375,711.2999877929688,711.8499755859375
550,2022-03-03 12:10:00,711.6500244140625,712.0999755859375,711.5,711.7000122070312
551,2022-03-03 12:11:00,711.7000122070312,712.2999877929688,711.4000244140625,712.1500244140625
552,2022-03-03 12:12:00,712.1500244140625,712.1500244140625,711.2999877929688,711.5999755859375
553,2022-03-03 12:13:00,712.0,712.2000122070312,711.6500244140625,712.2000122070312
554,2022-03-03 12:14:00,712.0499877929688,712.25,711.25,711.75
555,2022-03-03 12:15:00,711.8499755859375,712.0,711.3499755859375,711.8499755859375
556,2022-03-03 12:16:00,711.2999877929688,712.0,711.1500244140625,712.0
557,2022-03-03 12:17:00,712.0,712.0,711.2000122070312,711.8499755859375
558,2022-03-03 12:18:00,712.0,712.0,711.25,711.5
559,2022-03-03 12:19:00,711.5,711.9000244140625,711.0,711.0499877929688
560,2022-03-03 12:20:00,710.5,711.7999877929688,710.1500244140625,710.6500244140625
561,2022-03-03 12:21:00,710.6500244140625,710.8499755859375,709.0,709.9000244140625
562,2022-03-03 12:22:00,709.2000122070312,710.25,709.2000122070312,709.4500122070312
563,2022-03-03 12:23:00,709.5,710.4000244140625,709.3499755859375,709.9000244140625
564,2022-03-03 12:24:00,709.5499877929688,710.25,708.7999877929688,708.9000244140625
565,2022-03-03 12:25:00,709.25,709.3499755859375,708.0999755859375,709.3499755859375
566,2022-03-03 12:26:00,709.3499755859375,709.5,708.3499755859375,709.0999755859375
567,2022-03-03 12:27:00,708.7000122070312,709.7999877929688,708.7000122070312,709.6500244140625
568,2022-03-03 12:28:00,709.7999877929688,710.25,708.2999877929688,708.5
569,2022-03-03 12:29:00,708.25,709.0999755859375,707.5,708.2999877929688
570,2022-03-03 12:30:00,708.0999755859375,708.5,707.1500244140625,707.7000122070312
571,2022-03-03 12:31:00,707.5,709.0,707.4500122070312,708.5499877929688
572,2022-03-03 12:32:00,708.5,709.0,707.5499877929688,708.0
573,2022-03-03 12:33:00,708.0,708.9000244140625,707.7999877929688,707.7999877929688
574,2022-03-03 12:34:00,707.8499755859375,708.1500244140625,707.0,707.3499755859375
575,2022-03-03 12:35:00,708.1500244140625,708.1500244140625,707.25,707.8499755859375
576,2022-03-03 12:36:00,708.0,708.4500122070312,707.0999755859375,707.8499755859375
577,2022-03-03 12:37:00,707.8499755859375,708.2999877929688,707.2000122070312,707.9500122070312
578,2022-03-03 12:38:00,707.9000244140625,708.0999755859375,707.4000244140625,707.9000244140625
579,2022-03-03 12:39:00,707.9000244140625,708.7999877929688,707.6500244140625,708.4000244140625
580,2022-03-03 12:40:00,708.3499755859375,708.9000244140625,707.9000244140625,707.9500122070312
581,2022-03-03 12:41:00,708.2000122070312,709.2000122070312,707.7999877929688,708.5499877929688
582,2022-03-03 12:42:00,708.9000244140625,709.1500244140625,708.6500244140625,708.7999877929688
583,2022-03-03 12:43:00,708.9000244140625,709.5499877929688,708.4500122070312,709.0
584,2022-03-03 12:44:00,709.0,709.2999877929688,708.5499877929688,708.9000244140625
585,2022-03-03 12:45:00,709.2999877929688,709.2999877929688,708.0,708.7999877929688
586,2022-03-03 12:46:00,709.0,709.7000122070312,708.2000122070312,708.3499755859375
587,2022-03-03 12:47:00,708.5999755859375,709.0,708.5499877929688,709.0
588,2022-03-03 12:48:00,709.0,709.0,708.5,708.5
589,2022-03-03 12:49:00,708.5499877929688,709.0,708.4500122070312,709.0
590,2022-03-03 12:50:00,709.0,709.0499877929688,708.3499755859375,709.0499877929688
591,2022-03-03 12:51:00,708.7999877929688,709.9000244140625,708.7999877929688,709.2000122070312
592,2022-03-03 12:52:00,709.1500244140625,709.75,709.0,709.75
593,2022-03-03 12:53:00,709.75,709.7999877929688,708.9000244140625,709.0
594,2022-03-03 12:54:00,709.0,709.2999877929688,707.7999877929688,708.8499755859375
595,2022-03-03 12:55:00,708.5,709.0499877929688,707.7999877929688,708.2999877929688
596,2022-03-03 12:56:00,708.0499877929688,708.5,707.5,708.2999877929688
597,2022-03-03 12:57:00,708.25,708.75,707.5999755859375,708.3499755859375
598,2022-03-03 12:58:00,708.3499755859375,709.0,708.0,708.5
599,2022-03-03 12:59:00,708.5,708.5,707.5,708.0
600,2022-03-03 13:00:00,707.7999877929688,708.0,707.4500122070312,707.9000244140625
601,2022-03-03 13:01:00,708.0,708.0,707.2000122070312,707.4500122070312
602,2022-03-03 13:02:00,707.4000244140625,708.4500122070312,707.4000244140625,708.0499877929688
603,2022-03-03 13:03:00,707.4000244140625,708.0,707.3499755859375,707.75
604,2022-03-03 13:04:00,707.7999877929688,709.0,707.7999877929688,708.6500244140625
605,2022-03-03 13:05:00,708.4500122070312,708.5,707.7000122070312,708.0
606,2022-03-03 13:06:00,708.0,708.0,707.4000244140625,707.7000122070312
607,2022-03-03 13:07:00,708.0,708.0,707.5,707.9500122070312
608,2022-03-03 13:08:00,707.7000122070312,708.0,707.7000122070312,707.7999877929688
609,2022-03-03 13:09:00,707.7999877929688,708.0,707.25,707.9500122070312
610,2022-03-03 13:10:00,708.0,708.0,706.4500122070312,707.2000122070312
611,2022-03-03 13:11:00,706.7999877929688,708.0,706.6500244140625,707.5
612,2022-03-03 13:12:00,707.9000244140625,707.9000244140625,707.0,707.0
613,2022-03-03 13:13:00,706.5,708.0,706.5,707.9000244140625
614,2022-03-03 13:14:00,707.9000244140625,708.0,707.4000244140625,708.0
615,2022-03-03 13:15:00,707.5,708.0,707.25,707.5
616,2022-03-03 13:16:00,707.7999877929688,708.25,707.7999877929688,708.25
617,2022-03-03 13:17:00,708.1500244140625,708.25,707.6500244140625,708.0
618,2022-03-03 13:18:00,707.9500122070312,708.75,707.75,708.0999755859375
619,2022-03-03 13:19:00,708.0999755859375,708.75,707.7000122070312,707.8499755859375
620,2022-03-03 13:20:00,707.8499755859375,708.0499877929688,707.5,707.8499755859375
621,2022-03-03 13:21:00,707.5,708.0,706.4500122070312,707.1500244140625
622,2022-03-03 13:22:00,706.5,707.5,706.4500122070312,707.5
623,2022-03-03 13:23:00,707.5,707.6500244140625,706.5,707.0
624,2022-03-03 13:24:00,707.0,708.0,706.6500244140625,707.8499755859375
625,2022-03-03 13:25:00,707.8499755859375,708.0,707.1500244140625,707.9500122070312
626,2022-03-03 13:26:00,707.9500122070312,708.0,707.6500244140625,708.0
627,2022-03-03 13:27:00,707.6500244140625,707.6500244140625,706.9000244140625,707.0999755859375
628,2022-03-03 13:28:00,707.0,707.2999877929688,706.1500244140625,706.6500244140625
629,2022-03-03 13:29:00,706.5999755859375,707.75,706.2000122070312,707.75
630,2022-03-03 13:30:00,707.2000122070312,708.0,706.4500122070312,707.9000244140625
631,2022-03-03 13:31:00,707.8499755859375,708.75,707.7000122070312,708.4000244140625
632,2022-03-03 13:32:00,708.3499755859375,708.3499755859375,706.7999877929688,707.0499877929688
633,2022-03-03 13:33:00,707.0499877929688,707.0499877929688,706.4500122070312,706.9500122070312
634,2022-03-03 13:34:00,706.9500122070312,707.0499877929688,706.8499755859375,707.0
635,2022-03-03 13:35:00,707.0,707.0,706.8499755859375,707.0
636,2022-03-03 13:36:00,707.0,707.0,706.7000122070312,707.0
637,2022-03-03 13:37:00,707.0,707.0,706.9500122070312,707.0
638,2022-03-03 13:38:00,707.0,707.0,706.7999877929688,707.0
639,2022-03-03 13:39:00,707.0,707.0499877929688,706.7000122070312,707.0499877929688
640,2022-03-03 13:40:00,707.0499877929688,707.0499877929688,706.8499755859375,706.8499755859375
641,2022-03-03 13:41:00,706.9500122070312,707.0,706.4000244140625,707.0
642,2022-03-03 13:42:00,706.6500244140625,707.0999755859375,706.6500244140625,707.0
643,2022-03-03 13:43:00,707.0999755859375,707.0999755859375,706.3499755859375,707.0999755859375
644,2022-03-03 13:44:00,707.0999755859375,707.5499877929688,706.75,707.5499877929688
645,2022-03-03 13:45:00,707.5999755859375,709.0,707.4000244140625,708.5499877929688
646,2022-03-03 13:46:00,708.5499877929688,709.3499755859375,708.2000122070312,708.5
647,2022-03-03 13:47:00,708.5,709.3499755859375,708.3499755859375,708.5
648,2022-03-03 13:48:00,708.5999755859375,709.4000244140625,708.3499755859375,708.6500244140625
649,2022-03-03 13:49:00,708.9000244140625,709.0,708.1500244140625,708.1500244140625
650,2022-03-03 13:50:00,708.5,709.0,707.9500122070312,707.9500122070312
651,2022-03-03 13:51:00,707.6500244140625,708.5499877929688,707.5,708.0
652,2022-03-03 13:52:00,707.5999755859375,708.3499755859375,707.2999877929688,707.2999877929688
653,2022-03-03 13:53:00,707.5,708.1500244140625,707.2999877929688,707.75
654,2022-03-03 13:54:00,707.75,708.7000122070312,707.3499755859375,708.0499877929688
655,2022-03-03 13:55:00,708.0499877929688,708.5499877929688,707.3499755859375,707.5999755859375
656,2022-03-03 13:56:00,707.5999755859375,708.5999755859375,707.5,708.0
657,2022-03-03 13:57:00,708.0,709.0,707.75,708.7000122070312
658,2022-03-03 13:58:00,708.4000244140625,709.0,708.1500244140625,708.6500244140625
659,2022-03-03 13:59:00,709.0,709.0,708.5,708.9000244140625
660,2022-03-03 14:00:00,708.9000244140625,708.9000244140625,708.0,708.0
661,2022-03-03 14:01:00,707.5,708.0,707.4000244140625,707.6500244140625
662,2022-03-03 14:02:00,707.6500244140625,708.5,707.25,708.2999877929688
663,2022-03-03 14:03:00,708.2999877929688,708.5499877929688,707.75,708.0
664,2022-03-03 14:04:00,708.0,708.0,707.5999755859375,707.9000244140625
665,2022-03-03 14:05:00,707.5499877929688,707.9500122070312,707.0499877929688,707.5499877929688
666,2022-03-03 14:06:00,707.5499877929688,708.0,707.0499877929688,707.4500122070312
667,2022-03-03 14:07:00,707.75,708.3499755859375,707.5,707.7999877929688
668,2022-03-03 14:08:00,707.7999877929688,707.9500122070312,706.6500244140625,706.6500244140625
669,2022-03-03 14:09:00,706.75,708.0,706.5,707.2000122070312
670,2022-03-03 14:10:00,707.25,707.25,705.5499877929688,705.9000244140625
671,2022-03-03 14:11:00,705.7999877929688,705.7999877929688,703.9500122070312,704.6500244140625
672,2022-03-03 14:12:00,704.6500244140625,705.8499755859375,704.3499755859375,705.8499755859375
673,2022-03-03 14:13:00,705.2000122070312,705.5,703.9000244140625,704.4500122070312
674,2022-03-03 14:14:00,704.4000244140625,705.5499877929688,704.4000244140625,705.3499755859375
675,2022-03-03 14:15:00,705.4500122070312,705.7999877929688,703.0,703.5999755859375
676,2022-03-03 14:16:00,703.9000244140625,705.5499877929688,703.4000244140625,705.5499877929688
677,2022-03-03 14:17:00,705.7000122070312,706.2000122070312,705.0,705.5
678,2022-03-03 14:18:00,706.2999877929688,707.0,704.9500122070312,704.9500122070312
679,2022-03-03 14:19:00,704.6500244140625,705.0,704.4500122070312,704.9500122070312
680,2022-03-03 14:20:00,705.0,705.0,704.3499755859375,704.5
681,2022-03-03 14:21:00,704.3499755859375,705.0,704.3499755859375,705.0
682,2022-03-03 14:22:00,705.0,705.9500122070312,704.7000122070312,705.0
683,2022-03-03 14:23:00,705.0,705.0,704.7999877929688,705.0
684,2022-03-03 14:24:00,705.0,705.0,704.8499755859375,704.9500122070312
685,2022-03-03 14:25:00,704.9500122070312,705.0,704.75,704.75
686,2022-03-03 14:26:00,705.0,705.0,704.7999877929688,705.0
687,2022-03-03 14:27:00,705.0,705.0,704.8499755859375,705.0
688,2022-03-03 14:28:00,705.0,705.0,704.9000244140625,705.0
689,2022-03-03 14:29:00,705.0,705.0,704.9500122070312,705.0
690,2022-03-03 14:30:00,704.9500122070312,705.0,704.9500122070312,705.0
691,2022-03-03 14:31:00,705.0,707.4000244140625,705.0,707.2999877929688
692,2022-03-03 14:32:00,707.25,707.2999877929688,706.4000244140625,706.7999877929688
693,2022-03-03 14:33:00,706.25,707.75,706.25,707.4000244140625
694,2022-03-03 14:34:00,707.5999755859375,708.2000122070312,707.4500122070312,707.5499877929688
695,2022-03-03 14:35:00,707.5,707.7999877929688,707.0,707.0
696,2022-03-03 14:36:00,707.5999755859375,708.0,707.0,708.0
697,2022-03-03 14:37:00,708.0,708.4500122070312,707.5999755859375,707.75
698,2022-03-03 14:38:00,707.75,708.0,707.0,707.5
699,2022-03-03 14:39:00,707.8499755859375,708.0,707.2999877929688,707.2999877929688
700,2022-03-03 14:40:00,707.4500122070312,708.0,706.7999877929688,707.2999877929688
701,2022-03-03 14:41:00,707.2999877929688,707.9500122070312,707.1500244140625,707.7000122070312
702,2022-03-03 14:42:00,707.5,707.9500122070312,706.7999877929688,707.5499877929688
703,2022-03-03 14:43:00,707.5499877929688,708.0,707.4500122070312,707.4500122070312
704,2022-03-03 14:44:00,707.4000244140625,708.2000122070312,706.5999755859375,707.3499755859375
705,2022-03-03 14:45:00,707.2999877929688,707.4000244140625,706.6500244140625,707.2999877929688
706,2022-03-03 14:46:00,707.2999877929688,707.4500122070312,706.7000122070312,707.2000122070312
707,2022-03-03 14:47:00,707.4500122070312,707.5,706.5,706.9500122070312
708,2022-03-03 14:48:00,706.9500122070312,707.25,706.9500122070312,707.25
709,2022-03-03 14:49:00,706.9000244140625,707.5,706.7000122070312,706.7000122070312
710,2022-03-03 14:50:00,707.2000122070312,707.8499755859375,706.9500122070312,707.5999755859375
711,2022-03-03 14:51:00,707.5999755859375,707.8499755859375,707.0999755859375,707.8499755859375
712,2022-03-03 14:52:00,707.4500122070312,708.0,707.1500244140625,707.5
713,2022-03-03 14:53:00,707.5,707.9000244140625,707.2000122070312,707.9000244140625
714,2022-03-03 14:54:00,708.0,708.0,707.5,707.75
715,2022-03-03 14:55:00,707.75,707.9000244140625,707.3499755859375,707.9000244140625
716,2022-03-03 14:56:00,707.8499755859375,708.0,707.2999877929688,707.5999755859375
717,2022-03-03 14:57:00,707.5,707.5999755859375,707.1500244140625,707.4000244140625
718,2022-03-03 14:58:00,707.5,707.5999755859375,707.0499877929688,707.5999755859375
719,2022-03-03 14:59:00,707.5999755859375,708.0,707.0999755859375,707.9500122070312
720,2022-03-03 15:00:00,707.5999755859375,707.7000122070312,706.0,706.4500122070312
721,2022-03-03 15:01:00,706.4500122070312,706.75,705.9500122070312,706.5499877929688
722,2022-03-03 15:02:00,706.5,707.0,706.0499877929688,706.7999877929688
723,2022-03-03 15:03:00,706.5999755859375,706.75,704.25,704.7000122070312
724,2022-03-03 15:04:00,704.75,705.9000244140625,703.5499877929688,705.75
725,2022-03-03 15:05:00,705.25,705.5,704.5499877929688,704.5999755859375
726,2022-03-03 15:06:00,705.0999755859375,705.4000244140625,704.5499877929688,704.8499755859375
727,2022-03-03 15:07:00,705.0999755859375,705.8499755859375,704.3499755859375,704.6500244140625
728,2022-03-03 15:08:00,704.8499755859375,705.4500122070312,704.0,705.0
729,2022-03-03 15:09:00,704.9500122070312,705.0999755859375,704.4000244140625,704.9000244140625
730,2022-03-03 15:10:00,704.8499755859375,704.9000244140625,703.0499877929688,703.4500122070312
731,2022-03-03 15:11:00,703.0999755859375,705.0999755859375,703.0999755859375,705.0999755859375
732,2022-03-03 15:12:00,705.25,707.7999877929688,705.0,707.5499877929688
733,2022-03-03 15:13:00,707.5999755859375,708.0,706.5,707.0
734,2022-03-03 15:14:00,707.0499877929688,708.0,706.9500122070312,707.0
735,2022-03-03 15:15:00,707.7000122070312,707.9500122070312,706.7000122070312,707.9000244140625
736,2022-03-03 15:16:00,707.4000244140625,707.9000244140625,706.7000122070312,707.0999755859375
737,2022-03-03 15:17:00,707.1500244140625,707.75,706.75,707.5
738,2022-03-03 15:18:00,707.9000244140625,707.9000244140625,706.0,707.6500244140625
739,2022-03-03 15:19:00,707.5999755859375,708.0,707.25,707.7999877929688
740,2022-03-03 15:20:00,707.7999877929688,708.1500244140625,707.0,707.7999877929688
741,2022-03-03 15:21:00,707.0999755859375,708.7999877929688,707.0999755859375,708.7999877929688
742,2022-03-03 15:22:00,708.9000244140625,708.9000244140625,708.2000122070312,708.3499755859375
743,2022-03-03 15:23:00,708.4000244140625,708.8499755859375,707.2999877929688,707.5999755859375
744,2022-03-03 15:24:00,707.6500244140625,708.1500244140625,707.0999755859375,707.5499877929688
745,2022-03-03 15:25:00,707.5499877929688,708.7000122070312,707.5499877929688,708.2999877929688
746,2022-03-03 15:26:00,707.75,708.4000244140625,706.5999755859375,707.7999877929688
747,2022-03-03 15:27:00,707.7999877929688,708.4000244140625,707.0499877929688,708.2000122070312
748,2022-03-03 15:28:00,707.7000122070312,708.6500244140625,707.0999755859375,707.4000244140625
749,2022-03-03 15:29:00,707.4000244140625,708.0499877929688,706.4000244140625,707.2999877929688
750,2022-03-04 09:15:00,699.6500244140625,702.5999755859375,697.9000244140625,701.0999755859375
751,2022-03-04 09:16:00,700.9500122070312,702.5999755859375,700.0,701.0999755859375
752,2022-03-04 09:17:00,701.0,701.0,700.0999755859375,700.6500244140625
753,2022-03-04 09:18:00,700.5999755859375,700.9500122070312,699.6500244140625,700.0
754,2022-03-04 09:19:00,699.9500122070312,699.9500122070312,696.4000244140625,696.4000244140625
755,2022-03-04 09:20:00,696.3499755859375,700.0,696.0999755859375,699.7999877929688
756,2022-03-04 09:21:00,699.7999877929688,700.75,697.9500122070312,698.2000122070312
757,2022-03-04 09:22:00,698.2000122070312,699.7000122070312,698.1500244140625,699.5999755859375
758,2022-03-04 09:23:00,699.5,700.8499755859375,699.0999755859375,700.1500244140625
759,2022-03-04 09:24:00,700.0999755859375,701.0999755859375,699.7999877929688,700.5
760,2022-03-04 09:25:00,700.5499877929688,700.5499877929688,700.1500244140625,700.5499877929688
761,2022-03-04 09:26:00,703.4500122070312,706.0999755859375,703.4500122070312,706.0999755859375
762,2022-03-04 09:27:00,705.5499877929688,706.1500244140625,703.0,703.5
763,2022-03-04 09:28:00,703.5,703.9000244140625,702.2000122070312,702.5499877929688
764,2022-03-04 09:29:00,702.5499877929688,702.9500122070312,702.0,702.5499877929688
765,2022-03-04 09:30:00,702.2000122070312,702.4500122070312,700.4000244140625,701.4500122070312
766,2022-03-04 09:31:00,701.4500122070312,701.5,700.0499877929688,701.4000244140625
767,2022-03-04 09:32:00,701.1500244140625,704.2000122070312,701.0999755859375,704.2000122070312
768,2022-03-04 09:33:00,703.7999877929688,705.6500244140625,703.0999755859375,705.2000122070312
769,2022-03-04 09:34:00,705.0,705.1500244140625,703.3499755859375,703.7999877929688
770,2022-03-04 09:35:00,704.0,704.0,702.3499755859375,703.7999877929688
771,2022-03-04 09:36:00,703.7999877929688,704.1500244140625,702.8499755859375,703.0
772,2022-03-04 09:37:00,702.8499755859375,704.4500122070312,702.5999755859375,704.25
773,2022-03-04 09:38:00,704.0499877929688,704.5,703.4500122070312,704.1500244140625
774,2022-03-04 09:39:00,703.4500122070312,703.75,702.5,703.0
775,2022-03-04 09:40:00,702.7000122070312,703.0,701.2000122070312,701.4000244140625
776,2022-03-04 09:41:00,701.4000244140625,701.9500122070312,701.0499877929688,701.8499755859375
777,2022-03-04 09:42:00,701.8499755859375,701.9500122070312,700.4000244140625,700.5
778,2022-03-04 09:43:00,700.5,700.5499877929688,699.6500244140625,700.0499877929688
779,2022-03-04 09:44:00,700.1500244140625,701.75,700.0999755859375,700.7000122070312
780,2022-03-04 09:45:00,700.4000244140625,700.5499877929688,700.0,700.5
781,2022-03-04 09:46:00,700.2000122070312,701.5999755859375,700.0499877929688,701.4500122070312
782,2022-03-04 09:47:00,701.4500122070312,703.5999755859375,701.2000122070312,702.8499755859375
783,2022-03-04 09:48:00,702.9500122070312,703.2000122070312,701.5999755859375,701.7000122070312
784,2022-03-04 09:49:00,701.7000122070312,701.7000122070312,700.2999877929688,700.8499755859375
785,2022-03-04 09:50:00,700.75,700.75,699.4000244140625,699.4000244140625
786,2022-03-04 09:51:00,699.5,699.6500244140625,698.0999755859375,698.5
787,2022-03-04 09:52:00,698.25,698.7000122070312,697.5,698.0
788,2022-03-04 09:53:00,698.4000244140625,698.9500122070312,697.8499755859375,698.9500122070312
789,2022-03-04 09:54:00,699.0,699.5499877929688,698.7000122070312,699.25
790,2022-03-04 09:55:00,698.9500122070312,699.0999755859375,698.0,698.1500244140625
791,2022-03-04 09:56:00,697.9500122070312,698.5499877929688,696.7000122070312,697.25
792,2022-03-04 09:57:00,697.4500122070312,698.4500122070312,697.0999755859375,698.4500122070312
793,2022-03-04 09:58:00,698.4500122070312,698.5999755859375,697.75,697.75
794,2022-03-04 09:59:00,697.75,697.7999877929688,697.0499877929688,697.6500244140625
795,2022-03-04 10:00:00,697.7999877929688,698.4500122070312,697.0,698.0
796,2022-03-04 10:01:00,697.5999755859375,698.4500122070312,696.9500122070312,697.3499755859375
797,2022-03-04 10:02:00,697.4500122070312,697.4500122070312,694.0,694.6500244140625
798,2022-03-04 10:03:00,694.5999755859375,696.0,694.0,695.0
799,2022-03-04 10:04:00,695.2999877929688,696.7000122070312,695.0499877929688,696.7000122070312
800,2022-03-04 10:05:00,695.9500122070312,696.7000122070312,694.7999877929688,696.7000122070312
801,2022-03-04 10:06:00,696.6500244140625,696.6500244140625,694.7999877929688,695.7999877929688
802,2022-03-04 10:07:00,695.8499755859375,697.0999755859375,695.2999877929688,696.6500244140625
803,2022-03-04 10:08:00,696.75,697.4500122070312,695.3499755859375,695.5999755859375
804,2022-03-04 10:09:00,695.4000244140625,696.0,695.2000122070312,696.0
805,2022-03-04 10:10:00,696.0,696.0,695.0,695.5999755859375
806,2022-03-04 10:11:00,695.7999877929688,696.0,695.4500122070312,695.5999755859375
807,2022-03-04 10:12:00,695.5999755859375,696.0,695.0,695.25
808,2022-03-04 10:13:00,695.4000244140625,695.7999877929688,694.3499755859375,695.3499755859375
809,2022-03-04 10:14:00,694.9500122070312,695.8499755859375,694.0999755859375,694.0999755859375
810,2022-03-04 10:15:00,694.1500244140625,694.5,693.5499877929688,693.6500244140625
811,2022-03-04 10:16:00,693.25,693.9000244140625,692.3499755859375,693.9000244140625
812,2022-03-04 10:17:00,693.3499755859375,694.0499877929688,693.0,694.0499877929688
813,2022-03-04 10:18:00,694.2999877929688,695.0,693.0999755859375,693.9500122070312
814,2022-03-04 10:19:00,693.9500122070312,694.9500122070312,693.75,693.75
815,2022-03-04 10:20:00,693.75,695.0,693.5999755859375,694.4000244140625
816,2022-03-04 10:21:00,694.5,695.0,694.5,695.0
817,2022-03-04 10:22:00,695.0,695.0,694.0,694.5
818,2022-03-04 10:23:00,694.3499755859375,694.9000244140625,693.0,693.25
819,2022-03-04 10:24:00,693.3499755859375,693.7999877929688,692.75,693.5
820,2022-03-04 10:25:00,692.7000122070312,693.5,692.7000122070312,693.1500244140625
821,2022-03-04 10:26:00,693.5,694.2999877929688,692.7000122070312,694.0
822,2022-03-04 10:27:00,693.9000244140625,694.5499877929688,693.3499755859375,693.4500122070312
823,2022-03-04 10:28:00,693.4500122070312,694.5999755859375,693.3499755859375,693.75
824,2022-03-04 10:29:00,693.5,694.25,692.7999877929688,692.9000244140625
825,2022-03-04 10:30:00,692.7000122070312,693.0499877929688,692.0999755859375,692.0999755859375
826,2022-03-04 10:31:00,692.0999755859375,693.4000244140625,692.0999755859375,692.6500244140625
827,2022-03-04 10:32:00,692.5499877929688,692.7000122070312,690.5,690.5
828,2022-03-04 10:33:00,690.75,691.9500122070312,690.2000122070312,690.75
829,2022-03-04 10:34:00,690.5999755859375,691.5,690.25,690.7999877929688
830,2022-03-04 10:35:00,690.6500244140625,691.25,690.2000122070312,690.25
831,2022-03-04 10:36:00,690.2000122070312,691.25,689.75,691.25
832,2022-03-04 10:37:00,691.0,692.0,690.2999877929688,691.4000244140625
833,2022-03-04 10:38:00,691.7999877929688,693.0,691.2000122070312,693.0
834,2022-03-04 10:39:00,693.2000122070312,694.25,692.7000122070312,692.9500122070312
835,2022-03-04 10:40:00,692.9500122070312,694.0,692.5,694.0
836,2022-03-04 10:41:00,693.6500244140625,694.0,693.1500244140625,693.75
837,2022-03-04 10:42:00,693.75,694.2999877929688,693.0,693.0
838,2022-03-04 10:43:00,693.2999877929688,693.9500122070312,692.5,692.5
839,2022-03-04 10:44:00,692.7000122070312,694.0999755859375,692.0499877929688,692.5999755859375
840,2022-03-04 10:45:00,692.5999755859375,693.7999877929688,692.1500244140625,692.7000122070312
841,2022-03-04 10:46:00,692.75,694.1500244140625,692.3499755859375,693.5499877929688
842,2022-03-04 10:47:00,693.5499877929688,695.0,693.2000122070312,694.5999755859375
843,2022-03-04 10:48:00,694.3499755859375,694.3499755859375,693.3499755859375,693.5999755859375
844,2022-03-04 10:49:00,694.0,694.5999755859375,693.5999755859375,694.2999877929688
845,2022-03-04 10:50:00,694.8499755859375,695.0,693.9500122070312,694.0499877929688
846,2022-03-04 10:51:00,694.0,694.9000244140625,693.2000122070312,694.0999755859375
847,2022-03-04 10:52:00,694.0,694.0,693.3499755859375,694.0
848,2022-03-04 10:53:00,693.5499877929688,693.9500122070312,692.5,692.5
849,2022-03-04 10:54:00,693.2999877929688,693.2999877929688,692.0,692.7999877929688
850,2022-03-04 10:55:00,692.9000244140625,693.9000244140625,691.75,691.75
851,2022-03-04 10:56:00,691.6500244140625,692.4500122070312,691.0,691.7999877929688
852,2022-03-04 10:57:00,691.75,692.7999877929688,691.0,691.7999877929688
853,2022-03-04 10:58:00,691.5,692.25,690.7999877929688,690.7999877929688
854,2022-03-04 10:59:00,690.7000122070312,691.7999877929688,690.4000244140625,691.0
855,2022-03-04 11:00:00,690.8499755859375,691.5999755859375,690.4000244140625,691.5499877929688
856,2022-03-04 11:01:00,691.0,691.0,689.3499755859375,689.9000244140625
857,2022-03-04 11:02:00,689.2999877929688,690.4000244140625,689.1500244140625,690.4000244140625
858,2022-03-04 11:03:00,691.0,691.4500122070312,690.25,691.0499877929688
859,2022-03-04 11:04:00,690.75,691.3499755859375,690.0499877929688,690.5499877929688
860,2022-03-04 11:05:00,690.9000244140625,691.75,690.25,690.5
861,2022-03-04 11:06:00,690.5,691.5,690.2999877929688,691.1500244140625
862,2022-03-04 11:07:00,691.0,691.5,690.6500244140625,691.0
863,2022-03-04 11:08:00,691.0999755859375,691.6500244140625,690.7000122070312,691.4000244140625
864,2022-03-04 11:09:00,691.4000244140625,692.3499755859375,690.75,691.1500244140625
865,2022-03-04 11:10:00,690.8499755859375,691.6500244140625,690.3499755859375,690.9500122070312
866,2022-03-04 11:11:00,690.9000244140625,691.9000244140625,690.75,691.75
867,2022-03-04 11:12:00,691.2999877929688,692.4000244140625,691.1500244140625,692.4000244140625
868,2022-03-04 11:13:00,693.0,694.0,691.8499755859375,693.2999877929688
869,2022-03-04 11:14:00,693.0,693.7000122070312,692.0,692.0999755859375
870,2022-03-04 11:15:00,692.0,692.9000244140625,691.5999755859375,692.7000122070312
871,2022-03-04 11:16:00,692.5499877929688,693.9000244140625,692.0999755859375,693.9000244140625
872,2022-03-04 11:17:00,693.5,693.5,692.5499877929688,692.5499877929688
873,2022-03-04 11:18:00,692.5499877929688,693.4500122070312,692.5,693.4000244140625
874,2022-03-04 11:19:00,693.4000244140625,693.9500122070312,693.0999755859375,693.4000244140625
875,2022-03-04 11:20:00,693.3499755859375,694.0,693.1500244140625,694.0
876,2022-03-04 11:21:00,693.75,693.75,692.5,692.5
877,2022-03-04 11:22:00,692.5,693.6500244140625,692.4000244140625,693.5999755859375
878,2022-03-04 11:23:00,693.7000122070312,694.0,693.0999755859375,693.4000244140625
879,2022-03-04 11:24:00,693.4000244140625,694.0,693.2999877929688,694.0
880,2022-03-04 11:25:00,693.75,694.5499877929688,692.5499877929688,693.5
881,2022-03-04 11:26:00,693.6500244140625,694.9000244140625,693.0,694.4000244140625
882,2022-03-04 11:27:00,694.4000244140625,694.4000244140625,693.6500244140625,693.7000122070312
883,2022-03-04 11:28:00,693.7000122070312,694.75,693.6500244140625,694.6500244140625
884,2022-03-04 11:29:00,695.0,695.0,693.6500244140625,693.75
885,2022-03-04 11:30:00,694.2000122070312,694.75,694.0499877929688,694.25
886,2022-03-04 11:31:00,694.5,694.5,693.7999877929688,693.7999877929688
887,2022-03-04 11:32:00,693.75,694.25,693.25,694.0
888,2022-03-04 11:33:00,693.5999755859375,694.5,693.5999755859375,694.5
889,2022-03-04 11:34:00,694.5,694.5,694.25,694.4000244140625
890,2022-03-04 11:35:00,694.2999877929688,695.5,694.2999877929688,695.5
891,2022-03-04 11:36:00,695.5,696.0,694.6500244140625,695.0
892,2022-03-04 11:37:00,694.9500122070312,695.0,694.4500122070312,695.0
893,2022-03-04 11:38:00,694.2999877929688,694.7999877929688,694.0999755859375,694.7999877929688
894,2022-03-04 11:39:00,694.5499877929688,695.0,694.3499755859375,694.6500244140625
895,2022-03-04 11:40:00,694.6500244140625,695.0,694.1500244140625,694.1500244140625
896,2022-03-04 11:41:00,694.2999877929688,694.2999877929688,693.5,694.25
897,2022-03-04 11:42:00,694.5,695.0,694.25,694.25
898,2022-03-04 11:43:00,695.0,695.0,694.25,695.0
899,2022-03-04 11:44:00,694.9500122070312,695.0,694.2999877929688,694.6500244140625
900,2022-03-04 11:45:00,695.0,695.0,694.75,694.7999877929688
901,2022-03-04 11:46:00,694.9000244140625,695.0,694.4500122070312,694.7999877929688
902,2022-03-04 11:47:00,694.6500244140625,695.0,694.4500122070312,695.0
903,2022-03-04 11:48:00,694.9000244140625,695.0,694.5999755859375,694.9000244140625
904,2022-03-04 11:49:00,695.0,695.0,694.7000122070312,695.0
905,2022-03-04 11:50:00,695.0,695.9500122070312,695.0,695.5999755859375
906,2022-03-04 11:51:00,695.7000122070312,696.0,695.5999755859375,696.0
907,2022-03-04 11:52:00,695.9500122070312,696.0,695.2999877929688,695.9000244140625
908,2022-03-04 11:53:00,695.7000122070312,696.0,695.7000122070312,695.7999877929688
909,2022-03-04 11:54:00,696.0,696.0,695.5,696.0
910,2022-03-04 11:55:00,695.7000122070312,696.0,695.4000244140625,695.7000122070312
911,2022-03-04 11:56:00,695.75,696.0,695.7000122070312,696.0
912,2022-03-04 11:57:00,696.0,697.3499755859375,695.7999877929688,697.0
913,2022-03-04 11:58:00,697.2999877929688,697.5,697.0,697.5
914,2022-03-04 11:59:00,697.5,697.5,697.2999877929688,697.5
915,2022-03-04 12:00:00,697.5,697.5,697.0,697.4000244140625
916,2022-03-04 12:01:00,697.5,697.5,697.0499877929688,697.0499877929688
917,2022-03-04 12:02:00,697.2000122070312,697.5,696.4500122070312,697.0
918,2022-03-04 12:03:00,697.0,697.5,697.0,697.3499755859375
919,2022-03-04 12:04:00,697.25,697.5,696.7999877929688,697.2000122070312
920,2022-03-04 12:05:00,697.2000122070312,697.2000122070312,696.0499877929688,696.25
921,2022-03-04 12:06:00,696.0999755859375,696.9500122070312,695.9000244140625,696.9000244140625
922,2022-03-04 12:07:00,696.7999877929688,697.2000122070312,696.75,697.2000122070312
923,2022-03-04 12:08:00,697.0,697.2000122070312,696.75,696.8499755859375
924,2022-03-04 12:09:00,697.2000122070312,697.5,696.8499755859375,697.2000122070312
925,2022-03-04 12:10:00,697.4000244140625,697.5,696.75,697.0999755859375
926,2022-03-04 12:11:00,697.4000244140625,697.5,697.0999755859375,697.5
927,2022-03-04 12:12:00,697.5,697.5,696.7999877929688,697.4000244140625
928,2022-03-04 12:13:00,697.3499755859375,698.0,697.0499877929688,697.8499755859375
929,2022-03-04 12:14:00,698.0,698.4500122070312,697.7999877929688,698.0999755859375
930,2022-03-04 12:15:00,698.2999877929688,698.5,697.6500244140625,698.2000122070312
931,2022-03-04 12:16:00,698.5,698.5,698.0,698.0999755859375
932,2022-03-04 12:17:00,698.4000244140625,698.5,697.9000244140625,698.4500122070312
933,2022-03-04 12:18:00,698.4500122070312,698.9500122070312,698.1500244140625,698.1500244140625
934,2022-03-04 12:19:00,698.2999877929688,698.7000122070312,698.0499877929688,698.5
935,2022-03-04 12:20:00,698.4000244140625,698.6500244140625,696.7999877929688,696.7999877929688
936,2022-03-04 12:21:00,696.5499877929688,697.3499755859375,696.2999877929688,697.3499755859375
937,2022-03-04 12:22:00,697.3499755859375,697.9500122070312,697.0499877929688,697.4000244140625
938,2022-03-04 12:23:00,697.7000122070312,698.5,696.75,698.0499877929688
939,2022-03-04 12:24:00,698.25,698.5499877929688,697.2999877929688,697.75
940,2022-03-04 12:25:00,697.75,698.5,697.0999755859375,698.0499877929688
941,2022-03-04 12:26:00,698.1500244140625,698.9500122070312,697.8499755859375,698.5
942,2022-03-04 12:27:00,699.0,699.0,698.5,698.5
943,2022-03-04 12:28:00,698.5499877929688,699.0499877929688,698.4500122070312,699.0
944,2022-03-04 12:29:00,699.0,699.2999877929688,698.5,698.5
945,2022-03-04 12:30:00,698.5,699.0,698.0,698.5
946,2022-03-04 12:31:00,698.5,699.2999877929688,698.0999755859375,699.0
947,2022-03-04 12:32:00,699.0,699.5999755859375,698.7000122070312,699.0
948,2022-03-04 12:33:00,699.0,700.8499755859375,698.9500122070312,700.5
949,2022-03-04 12:34:00,700.5,700.5,699.5999755859375,700.0
950,2022-03-04 12:35:00,700.0,700.0999755859375,699.5499877929688,700.0
951,2022-03-04 12:36:00,700.0,701.0499877929688,699.6500244140625,700.0
952,2022-03-04 12:37:00,700.0,700.0,699.6500244140625,699.9500122070312
953,2022-03-04 12:38:00,700.0,701.4000244140625,700.0,700.75
954,2022-03-04 12:39:00,700.8499755859375,701.9000244140625,700.5,701.3499755859375
955,2022-03-04 12:40:00,701.75,702.0,701.5,701.9000244140625
956,2022-03-04 12:41:00,701.9500122070312,702.0,701.1500244140625,702.0
957,2022-03-04 12:42:00,701.4000244140625,701.9000244140625,700.8499755859375,701.5
958,2022-03-04 12:43:00,701.7999877929688,702.0,701.1500244140625,701.5499877929688
959,2022-03-04 12:44:00,701.5999755859375,702.0,701.5,701.6500244140625
960,2022-03-04 12:45:00,701.9500122070312,703.0,701.5499877929688,701.9500122070312
961,2022-03-04 12:46:00,701.9500122070312,702.0,701.1500244140625,702.0
962,2022-03-04 12:47:00,701.5499877929688,702.0,701.25,701.5499877929688
963,2022-03-04 12:48:00,702.0,702.0,700.75,700.9000244140625
964,2022-03-04 12:49:00,700.9500122070312,702.0,700.9500122070312,701.5
965,2022-03-04 12:50:00,701.7999877929688,702.0,700.9500122070312,700.9500122070312
966,2022-03-04 12:51:00,701.1500244140625,702.0,701.0499877929688,701.7000122070312
967,2022-03-04 12:52:00,701.9000244140625,702.0,701.6500244140625,701.7999877929688
968,2022-03-04 12:53:00,702.0,702.1500244140625,701.75,701.8499755859375
969,2022-03-04 12:54:00,701.8499755859375,702.0,701.75,702.0
970,2022-03-04 12:55:00,702.0,702.0,701.8499755859375,702.0
971,2022-03-04 12:56:00,702.0,702.1500244140625,701.9000244140625,702.0499877929688
972,2022-03-04 12:57:00,702.3499755859375,702.9000244140625,702.1500244140625,702.4000244140625
973,2022-03-04 12:58:00,702.5,703.0,702.2000122070312,702.5999755859375
974,2022-03-04 12:59:00,702.7000122070312,703.0,702.4000244140625,702.75
975,2022-03-04 13:00:00,702.5,703.0499877929688,702.5,703.0
976,2022-03-04 13:01:00,702.9500122070312,703.0499877929688,702.7000122070312,703.0
977,2022-03-04 13:02:00,702.7999877929688,703.0499877929688,702.7999877929688,703.0
978,2022-03-04 13:03:00,703.0,703.0,702.25,702.5499877929688
979,2022-03-04 13:04:00,702.9000244140625,703.0,702.3499755859375,702.4000244140625
980,2022-03-04 13:05:00,702.5,703.0,702.2000122070312,702.5999755859375
981,2022-03-04 13:06:00,702.7000122070312,703.0,702.2000122070312,702.7000122070312
982,2022-03-04 13:07:00,702.4000244140625,703.0,702.2000122070312,702.7999877929688
983,2022-03-04 13:08:00,702.3499755859375,703.0,702.3499755859375,702.9500122070312
984,2022-03-04 13:09:00,702.9500122070312,703.0,702.5,702.5499877929688
985,2022-03-04 13:10:00,702.7000122070312,703.0,702.5,702.9000244140625
986,2022-03-04 13:11:00,702.9500122070312,703.0,702.5,703.0
987,2022-03-04 13:12:00,702.7999877929688,703.9500122070312,702.5499877929688,703.9000244140625
988,2022-03-04 13:13:00,703.7999877929688,704.9500122070312,703.5499877929688,704.5
989,2022-03-04 13:14:00,704.6500244140625,704.75,703.75,703.75
990,2022-03-04 13:15:00,703.9500122070312,704.5,702.8499755859375,702.9000244140625
991,2022-03-04 13:16:00,703.2000122070312,704.0,702.8499755859375,703.6500244140625
992,2022-03-04 13:17:00,703.9000244140625,704.5,703.6500244140625,704.0999755859375
993,2022-03-04 13:18:00,704.25,704.9500122070312,703.8499755859375,704.6500244140625
994,2022-03-04 13:19:00,704.5,705.1500244140625,703.6500244140625,704.7999877929688
995,2022-03-04 13:20:00,705.0,705.0,704.4000244140625,704.8499755859375
996,2022-03-04 13:21:00,704.7999877929688,705.0499877929688,704.4500122070312,704.6500244140625
997,2022-03-04 13:22:00,704.9000244140625,705.0,704.4500122070312,705.0
998,2022-03-04 13:23:00,705.0,705.0,704.5999755859375,704.7999877929688
999,2022-03-04 13:24:00,705.0,705.5,704.5999755859375,705.0
1000,2022-03-04 13:25:00,705.0,705.6500244140625,704.7000122070312,705.6500244140625
1001,2022-03-04 13:26:00,706.0,706.9500122070312,705.7000122070312,706.5
1002,2022-03-04 13:27:00,706.7000122070312,708.7000122070312,706.6500244140625,708.5
1003,2022-03-04 13:28:00,708.6500244140625,708.7999877929688,707.5999755859375,707.5999755859375
1004,2022-03-04 13:29:00,707.9000244140625,709.0,707.6500244140625,708.75
1005,2022-03-04 13:30:00,709.0999755859375,709.9000244140625,708.75,709.9000244140625
1006,2022-03-04 13:31:00,709.7999877929688,710.0,709.4500122070312,709.7000122070312
1007,2022-03-04 13:32:00,709.2999877929688,709.7000122070312,708.7000122070312,709.1500244140625
1008,2022-03-04 13:33:00,709.0499877929688,709.6500244140625,708.3499755859375,708.5499877929688
1009,2022-03-04 13:34:00,708.4000244140625,710.0,708.4000244140625,709.4500122070312
1010,2022-03-04 13:35:00,709.4000244140625,709.4000244140625,708.7000122070312,709.0
1011,2022-03-04 13:36:00,709.2999877929688,710.0,709.0499877929688,709.5999755859375
1012,2022-03-04 13:37:00,709.4000244140625,710.0,709.1500244140625,709.8499755859375
1013,2022-03-04 13:38:00,710.0,710.0,709.0,709.5
1014,2022-03-04 13:39:00,709.5999755859375,710.0,709.2999877929688,710.0
1015,2022-03-04 13:40:00,710.0,710.7000122070312,709.5,710.0
1016,2022-03-04 13:41:00,710.0,710.0,708.9000244140625,709.0999755859375
1017,2022-03-04 13:42:00,709.0499877929688,709.0499877929688,707.6500244140625,708.0
1018,2022-03-04 13:43:00,708.0,708.5999755859375,707.5,707.75
1019,2022-03-04 13:44:00,707.9000244140625,707.9000244140625,706.5499877929688,707.4500122070312
1020,2022-03-04 13:45:00,707.2000122070312,707.9000244140625,706.25,706.25
1021,2022-03-04 13:46:00,706.5499877929688,706.5499877929688,705.0499877929688,706.0999755859375
1022,2022-03-04 13:47:00,706.3499755859375,708.5,706.2000122070312,707.9000244140625
1023,2022-03-04 13:48:00,707.9000244140625,708.25,707.4000244140625,708.0
1024,2022-03-04 13:49:00,708.0999755859375,708.5499877929688,707.3499755859375,708.5499877929688
1025,2022-03-04 13:50:00,708.2000122070312,709.0,707.8499755859375,708.7999877929688
1026,2022-03-04 13:51:00,708.5999755859375,709.4500122070312,708.1500244140625,708.1500244140625
1027,2022-03-04 13:52:00,708.2999877929688,709.4500122070312,707.5,708.7999877929688
1028,2022-03-04 13:53:00,708.5499877929688,709.5,708.0999755859375,709.4000244140625
1029,2022-03-04 13:54:00,708.3499755859375,710.0,708.2000122070312,709.8499755859375
1030,2022-03-04 13:55:00,709.4500122070312,710.0,708.5,709.4000244140625
1031,2022-03-04 13:56:00,709.25,710.0,708.75,709.5
1032,2022-03-04 13:57:00,709.4000244140625,710.0,708.5499877929688,709.5499877929688
1033,2022-03-04 13:58:00,709.2999877929688,710.0,708.7999877929688,709.5499877929688
1034,2022-03-04 13:59:00,708.8499755859375,709.9500122070312,708.5999755859375,708.75
1035,2022-03-04 14:00:00,708.7999877929688,709.0999755859375,707.6500244140625,707.6500244140625
1036,2022-03-04 14:01:00,707.7999877929688,708.9000244140625,707.6500244140625,708.0
1037,2022-03-04 14:02:00,707.7999877929688,709.7000122070312,707.7000122070312,708.9000244140625
1038,2022-03-04 14:03:00,708.9000244140625,709.4000244140625,708.0,708.2999877929688
1039,2022-03-04 14:04:00,708.6500244140625,709.4500122070312,707.2000122070312,707.5
1040,2022-03-04 14:05:00,707.5499877929688,708.8499755859375,707.2000122070312,707.8499755859375
1041,2022-03-04 14:06:00,707.7000122070312,708.4000244140625,707.5,707.9500122070312
1042,2022-03-04 14:07:00,707.8499755859375,708.0,707.0499877929688,707.9000244140625
1043,2022-03-04 14:08:00,707.8499755859375,708.0,706.7999877929688,706.9000244140625
1044,2022-03-04 14:09:00,706.9500122070312,707.25,706.25,706.9000244140625
1045,2022-03-04 14:10:00,707.0,707.0,705.9000244140625,706.0499877929688
1046,2022-03-04 14:11:00,706.4000244140625,707.0,706.1500244140625,706.25
1047,2022-03-04 14:12:00,706.0999755859375,706.4500122070312,705.2000122070312,705.75
1048,2022-03-04 14:13:00,705.9000244140625,706.5999755859375,705.25,706.5499877929688
1049,2022-03-04 14:14:00,706.5999755859375,707.0,706.0,706.0
1050,2022-03-04 14:15:00,706.0,706.9500122070312,705.5,706.5
1051,2022-03-04 14:16:00,706.5,707.0,706.5,706.5
1052,2022-03-04 14:17:00,706.7999877929688,707.0,705.8499755859375,706.0
1053,2022-03-04 14:18:00,706.0,706.5999755859375,705.2000122070312,706.25
1054,2022-03-04 14:19:00,706.5,706.7999877929688,705.5,705.7000122070312
1055,2022-03-04 14:20:00,706.0,706.9000244140625,705.75,706.9000244140625
1056,2022-03-04 14:21:00,706.9500122070312,707.0999755859375,706.5999755859375,706.6500244140625
1057,2022-03-04 14:22:00,707.0,707.0,705.6500244140625,706.0
1058,2022-03-04 14:23:00,706.4500122070312,706.5,705.0,705.4500122070312
1059,2022-03-04 14:24:00,705.4000244140625,706.0999755859375,704.9000244140625,706.0999755859375
1060,2022-03-04 14:25:00,705.9000244140625,706.5,705.75,705.9000244140625
1061,2022-03-04 14:26:00,706.2000122070312,706.5,705.7000122070312,706.0
1062,2022-03-04 14:27:00,706.0,706.5,705.5499877929688,706.4500122070312
1063,2022-03-04 14:28:00,706.5,706.5,705.5499877929688,705.6500244140625
1064,2022-03-04 14:29:00,706.0,706.5499877929688,705.5499877929688,706.1500244140625
1065,2022-03-04 14:30:00,706.0999755859375,706.4500122070312,705.7999877929688,706.2000122070312
1066,2022-03-04 14:31:00,706.6500244140625,706.6500244140625,706.0,706.0
1067,2022-03-04 14:32:00,705.9500122070312,706.5499877929688,705.9500122070312,706.5
1068,2022-03-04 14:33:00,706.0,706.6500244140625,705.5999755859375,706.0
1069,2022-03-04 14:34:00,706.0,706.5999755859375,705.6500244140625,705.6500244140625
1070,2022-03-04 14:35:00,705.0999755859375,705.75,704.2000122070312,705.3499755859375
1071,2022-03-04 14:36:00,705.3499755859375,705.7000122070312,704.9000244140625,705.4500122070312
1072,2022-03-04 14:37:00,705.4500122070312,705.9500122070312,704.0499877929688,704.0499877929688
1073,2022-03-04 14:38:00,703.9500122070312,704.0,703.5,703.8499755859375
1074,2022-03-04 14:39:00,703.5999755859375,704.0499877929688,702.8499755859375,703.2000122070312
1075,2022-03-04 14:40:00,703.7000122070312,704.4500122070312,702.9000244140625,703.5
1076,2022-03-04 14:41:00,703.4500122070312,704.8499755859375,702.8499755859375,704.2000122070312
1077,2022-03-04 14:42:00,704.5,704.7000122070312,702.7999877929688,703.0499877929688
1078,2022-03-04 14:43:00,703.0,704.0,702.5999755859375,703.5
1079,2022-03-04 14:44:00,703.5,703.75,702.5,702.8499755859375
1080,2022-03-04 14:45:00,702.9500122070312,703.9000244140625,701.7000122070312,703.9000244140625
1081,2022-03-04 14:46:00,704.0,705.0,703.4500122070312,705.0
1082,2022-03-04 14:47:00,704.6500244140625,705.2999877929688,703.4500122070312,703.7999877929688
1083,2022-03-04 14:48:00,703.5499877929688,704.5499877929688,703.5499877929688,704.4000244140625
1084,2022-03-04 14:49:00,704.3499755859375,705.0,704.0,704.75
1085,2022-03-04 14:50:00,704.4500122070312,704.75,703.5499877929688,703.5499877929688
1086,2022-03-04 14:51:00,704.0,705.3499755859375,703.7000122070312,705.3499755859375
1087,2022-03-04 14:52:00,704.9500122070312,705.9500122070312,704.9000244140625,704.9000244140625
1088,2022-03-04 14:53:00,704.5999755859375,704.5999755859375,703.5999755859375,704.25
1089,2022-03-04 14:54:00,704.0,704.5,703.0,703.6500244140625
1090,2022-03-04 14:55:00,703.5999755859375,703.8499755859375,702.75,702.75
1091,2022-03-04 14:56:00,702.75,703.0,701.5,701.5
1092,2022-03-04 14:57:00,701.5,703.0499877929688,701.4500122070312,702.5499877929688
1093,2022-03-04 14:58:00,702.9000244140625,703.1500244140625,702.25,702.5999755859375
1094,2022-03-04 14:59:00,702.5,702.5,701.4000244140625,702.4000244140625
1095,2022-03-04 15:00:00,702.0499877929688,702.5,700.5,702.1500244140625
1096,2022-03-04 15:01:00,702.5,702.5,701.0999755859375,701.2999877929688
1097,2022-03-04 15:02:00,701.2000122070312,701.75,700.0,701.6500244140625
1098,2022-03-04 15:03:00,701.75,702.0999755859375,701.0499877929688,701.9000244140625
1099,2022-03-04 15:04:00,701.9000244140625,702.0,701.0999755859375,701.5
1100,2022-03-04 15:05:00,701.5499877929688,702.25,700.4500122070312,702.2000122070312
1101,2022-03-04 15:06:00,701.7999877929688,701.9500122070312,700.9500122070312,701.4500122070312
1102,2022-03-04 15:07:00,701.1500244140625,701.4500122070312,700.5999755859375,700.8499755859375
1103,2022-03-04 15:08:00,701.25,701.25,699.5,699.5
1104,2022-03-04 15:09:00,700.1500244140625,700.9500122070312,699.7999877929688,699.7999877929688
1105,2022-03-04 15:10:00,699.9500122070312,700.5499877929688,699.7999877929688,700.4000244140625
1106,2022-03-04 15:11:00,700.4000244140625,700.4500122070312,699.7000122070312,700.4000244140625
1107,2022-03-04 15:12:00,700.2999877929688,700.2999877929688,699.0999755859375,699.7000122070312
1108,2022-03-04 15:13:00,699.75,700.0,699.4000244140625,699.9000244140625
1109,2022-03-04 15:14:00,699.9000244140625,700.25,699.5,700.25
1110,2022-03-04 15:15:00,700.3499755859375,700.3499755859375,699.0499877929688,699.0499877929688
1111,2022-03-04 15:16:00,699.3499755859375,699.5,698.75,698.75
1112,2022-03-04 15:17:00,699.2000122070312,699.5,698.5499877929688,699.5
1113,2022-03-04 15:18:00,699.2000122070312,699.5,698.4000244140625,698.5999755859375
1114,2022-03-04 15:19:00,698.2999877929688,698.6500244140625,697.7999877929688,698.25
1115,2022-03-04 15:20:00,698.25,699.6500244140625,698.0,699.5999755859375
1116,2022-03-04 15:21:00,699.5999755859375,699.9000244140625,699.2999877929688,699.5999755859375
1117,2022-03-04 15:22:00,699.6500244140625,699.8499755859375,699.6500244140625,699.75
1118,2022-03-04 15:23:00,699.7999877929688,701.0499877929688,699.75,700.7999877929688
1119,2022-03-04 15:24:00,700.5999755859375,700.7999877929688,700.0,700.5499877929688
1120,2022-03-04 15:25:00,700.5499877929688,700.9500122070312,700.25,700.5
1121,2022-03-04 15:26:00,700.25,700.5,700.25,700.4000244140625
1122,2022-03-04 15:27:00,700.4000244140625,700.5,699.5,700.0
1123,2022-03-04 15:28:00,700.0,700.1500244140625,696.9000244140625,698.4000244140625
1124,2022-03-04 15:29:00,698.0,700.0,697.9500122070312,700.0
